시군구명,경도,위도
해운대구,129.1361233,35.16489918
남구,129.0669381,35.13404386
동래구,129.0779878,35.20516106
금정구,129.089075,35.22638348
기장군,129.2231141,35.25492226
기장군,129.221393,35.19497627
금정구,129.0933882,35.24691149
기장군,129.1411664,35.35793722
기장군,129.1408841,35.35754383
기장군,129.1403246,35.35765362
기장군,129.2315208,35.27745035
해운대구,129.2014448,35.18406246
해운대구,129.1241286,35.17364698
해운대구,129.1269324,35.1778025
해운대구,129.1225919,35.18202434
해운대구,129.1200508,35.1807204
연제구,129.0792326,35.19343004
해운대구,129.11869,35.18422236
해운대구,129.1360762,35.16497972
해운대구,129.1180561,35.18452915
동구,129.0582116,35.13429306
해운대구,129.1210608,35.21314735
해운대구,129.1194829,35.21749553
해운대구,129.1196067,35.21790646
해운대구,129.1211443,35.19592692
해운대구,129.1179414,35.19369797
동래구,129.0971091,35.19847667
동래구,129.0961963,35.19843042
동래구,129.096485,35.19803938
해운대구,129.1250989,35.17700477
동래구,129.0961503,35.19816052
동래구,129.1046552,35.19653255
동래구,129.1049591,35.19649066
동래구,129.1032244,35.19651564
동래구,129.1030525,35.19658541
연제구,129.0799597,35.19601658
연제구,129.0799041,35.19616851
해운대구,129.1870406,35.17704935
해운대구,129.1798135,35.17460153
해운대구,129.1782919,35.17389662
해운대구,129.1225052,35.17543388
해운대구,129.1205245,35.18094425
해운대구,129.1191735,35.18262499
해운대구,129.1189873,35.1826033
해운대구,129.1261525,35.17901782
해운대구,129.1259911,35.1791634
해운대구,129.1223081,35.18296505
해운대구,129.1184597,35.18407376
해운대구,129.118271,35.18468242
동래구,129.11702,35.20092058
금정구,129.0983305,35.25006183
기장군,129.2235708,35.25530332
금정구,129.0970673,35.25134462
금정구,129.0976485,35.25088845
금정구,129.0991494,35.24925
금정구,129.0996293,35.25326912
금정구,129.0997898,35.25311755
금정구,129.0995716,35.25243301
해운대구,129.1206678,35.21828786
해운대구,129.1210118,35.21340501
해운대구,129.1191518,35.21728151
해운대구,129.1190025,35.21734181
해운대구,129.1190947,35.21741965
기장군,129.2205193,35.2514407
기장군,129.2215016,35.25203762
기장군,129.2338221,35.26758276
기장군,129.2330816,35.26213995
기장군,129.231856,35.27769431
기장군,129.2317855,35.27759417
기장군,129.2319025,35.27803151
기장군,129.2257542,35.25852086
기장군,129.2247203,35.25706363
기장군,129.2315002,35.27446008
기장군,129.2317026,35.27490563
기장군,129.2312768,35.27460765
기장군,129.2355105,35.29108046
강서구,128.9806952,35.21114178
기장군,129.2353915,35.29161307
기장군,129.235943,35.29195961
부산진구,129.0314779,35.16429569
기장군,129.2553571,35.35195976
금정구,129.103961,35.24872838
기장군,129.2254079,35.25838313
해운대구,129.1183237,35.19391768
해운대구,129.1163344,35.19376576
해운대구,129.1180059,35.19352249
해운대구,129.1209968,35.19586547
금정구,129.089151,35.22628569
기장군,129.2070663,35.20631289
기장군,129.2082807,35.20754352
기장군,129.215476,35.22998495
기장군,129.2173568,35.23518305
기장군,129.2185215,35.23703754
기장군,129.2195009,35.23859207
기장군,129.2201746,35.23966654
기장군,129.2206546,35.24333972
해운대구,129.2055518,35.18122648
해운대구,129.2055836,35.18144608
부산진구,129.0306843,35.16360338
강서구,128.932016,35.2199675
강서구,128.9353474,35.21869821
해운대구,129.2012472,35.18365187
해운대구,129.2026398,35.18721132
기장군,129.2202434,35.24084981
기장군,129.2208311,35.24435312
기장군,129.2209083,35.25104599
해운대구,129.2038152,35.18969668
연제구,129.0808422,35.19594836
동래구,129.096831,35.19822756
동래구,129.0780005,35.20476656
동래구,129.0780217,35.20498948
동래구,129.0967157,35.19888472
동래구,129.0963445,35.19855091
동래구,129.1092995,35.19499608
동래구,129.1090646,35.19508474
강서구,128.9351379,35.21877854
기장군,129.2567643,35.3483181
기장군,129.256389,35.34838048
기장군,129.2500541,35.34105297
기장군,129.261049,35.34029436
기장군,129.2591943,35.34107072
기장군,129.2404871,35.31815051
기장군,129.2399309,35.3183245
기장군,129.240141,35.31872541
부산진구,129.0623888,35.14922164
강서구,128.9322042,35.21987266
강서구,128.9348099,35.21888538
강서구,128.9344686,35.21902113
강서구,128.9332688,35.21943683
강서구,128.9330715,35.21952046
북구,129.0021773,35.20949293
북구,129.0016637,35.20947711
북구,128.9984047,35.20112969
사상구,128.9884689,35.17629792
사상구,128.9884256,35.17277652
사상구,128.9873729,35.17305128
강서구,128.9745163,35.20512341
부산진구,129.0663755,35.17474898
부산진구,129.0651165,35.1747917
부산진구,129.0591447,35.17170103
부산진구,129.0603742,35.17306482
부산진구,129.0599089,35.14756881
해운대구,129.1390807,35.16873295
부산진구,129.0527037,35.15757246
사상구,129.0007457,35.18614609
사상구,128.9909904,35.18597296
사하구,128.9546332,35.07538198
사하구,128.9645225,35.12108819
사상구,128.9672579,35.15325927
강서구,128.9547189,35.15540421
강서구,128.9026675,35.18572768
강서구,128.8966238,35.17603035
강서구,128.8869023,35.09608541
강서구,128.8286236,35.05769822
강서구,128.8289345,35.0576741
강서구,128.8287771,35.05759197
해운대구,129.1370896,35.16537419
해운대구,129.1357665,35.16499653
해운대구,129.135217,35.16469053
해운대구,129.1352201,35.16464466
해운대구,129.1366245,35.16519455
해운대구,129.1365627,35.16521567
해운대구,129.1392182,35.16919423
해운대구,129.1391605,35.16825253
해운대구,129.1389817,35.16792993
부산진구,129.0320198,35.16461029
해운대구,129.1470792,35.17289671
해운대구,129.1467086,35.17276139
해운대구,129.1467027,35.17293893
해운대구,129.1361061,35.16494355
해운대구,129.1348723,35.15997286
해운대구,129.1347058,35.16439554
해운대구,129.1346857,35.16443974
해운대구,129.1346458,35.16447254
남구,129.1183274,35.13675775
북구,129.0029155,35.19748146
북구,129.0049568,35.1987895
북구,129.0025493,35.19743521
북구,129.0056734,35.19866403
북구,129.0019271,35.19727829
북구,128.9976395,35.20149186
북구,128.9976039,35.20138417
수영구,129.1126187,35.13607346
남구,129.1117391,35.13622288
남구,129.111654,35.1355963
남구,129.1107265,35.13549677
남구,129.1110532,35.13531026
강서구,128.9840476,35.21056542
부산진구,129.0308888,35.16369089
강서구,128.9843675,35.21032485
사상구,129.0010404,35.18570917
사상구,128.9982881,35.18591979
사상구,128.9985166,35.18566345
남구,129.0727613,35.11014341
남구,129.072798,35.10994423
남구,129.0923252,35.10972871
남구,129.0829183,35.1087593
남구,129.0778991,35.10862755
남구,129.0862386,35.10881658
남구,129.082937,35.10860282
남구,129.0916233,35.10966695
남구,129.0791085,35.10853285
영도구,129.0569826,35.09897329
영도구,129.0609212,35.10228969
영도구,129.0609321,35.10208518
남구,129.0925301,35.10984848
남구,129.0773747,35.11156463
서구,129.0105642,35.12012848
남구,129.105448,35.12996333
남구,129.1032333,35.13054693
동구,129.0592976,35.13443149
남구,129.1032912,35.13070422
남구,129.103737,35.13059688
남구,129.1016611,35.13000149
남구,129.1015711,35.12998368
남구,129.1014822,35.13027101
남구,129.1016561,35.13144433
남구,129.1017038,35.13134786
남구,129.1014578,35.13134979
남구,129.101447,35.13160924
남구,129.1001,35.13710485
남구,129.1078434,35.13193297
남구,129.1078361,35.13211012
남구,129.1084089,35.13261349
남구,129.108298,35.13275823
부산진구,129.0525767,35.16342303
남구,129.0950984,35.11559189
부산진구,129.0506052,35.16271391
부산진구,129.0503536,35.16234163
연제구,129.09279,35.18590459
서구,129.021828,35.09706454
연제구,129.1118191,35.18447593
동래구,129.0658306,35.21108999
동래구,129.0659572,35.21081977
동래구,129.0658564,35.21095637
동래구,129.0659078,35.21087406
부산진구,129.0490677,35.1671236
부산진구,129.0490994,35.16721062
부산진구,129.0336219,35.16484099
부산진구,129.0310081,35.16399989
부산진구,129.0307185,35.16349248
수영구,129.1245057,35.16576905
수영구,129.1093097,35.14435424
수영구,129.1101462,35.14622553
수영구,129.1131737,35.15732076
수영구,129.1149203,35.16706983
수영구,129.1147676,35.16742008
수영구,129.115286,35.16706043
수영구,129.1155261,35.16732085
수영구,129.1149754,35.16764609
수영구,129.1154225,35.16761714
수영구,129.1152646,35.16750431
수영구,129.1153285,35.16721486
수영구,129.1149043,35.16733587
수영구,129.1091079,35.14333705
수영구,129.1093425,35.14350422
남구,129.1050473,35.14018152
남구,129.1052611,35.13999926
남구,129.0957403,35.11361503
남구,129.1058316,35.13974176
남구,129.105835,35.13991718
남구,129.1047572,35.13972729
남구,129.1050574,35.1397247
부산진구,129.0559558,35.1574753
남구,129.0998378,35.13715422
남구,129.0832382,35.13465451
남구,129.0724837,35.13649987
남구,129.1119651,35.12531605
남구,129.1100239,35.12626839
남구,129.1108653,35.12585719
남구,129.1107662,35.125907
남구,129.1088764,35.12670061
남구,129.1086907,35.12689011
남구,129.1087976,35.12669047
남구,129.1077935,35.12782532
남구,129.1073326,35.1282056
남구,129.1060624,35.12931282
남구,129.1122674,35.13489134
남구,129.1164752,35.12967872
남구,129.1064674,35.13021782
남구,129.107092,35.13116028
남구,129.1069301,35.13120905
남구,129.103591,35.12854628
남구,129.1037394,35.12847076
남구,129.1058846,35.12934619
남구,129.1056945,35.12942264
남구,129.1054994,35.12941033
남구,129.0983469,35.1215475
남구,129.0985041,35.12151478
남구,129.0986272,35.12170858
부산진구,129.0552688,35.17092407
남구,129.0985029,35.12107385
남구,129.096732,35.11874234
남구,129.0933455,35.11089783
남구,129.0928037,35.11039562
남구,129.0929174,35.11052945
남구,129.0927427,35.11052112
남구,129.0907903,35.11059011
남구,129.0850673,35.1104731
남구,129.0834531,35.11039212
남구,129.0787779,35.11059558
남구,129.0902774,35.12705279
남구,129.089875,35.1264861
남구,129.088408,35.12455321
남구,129.0850624,35.12292371
남구,129.0835785,35.12247778
남구,129.0815837,35.11398124
남구,129.0811204,35.11660996
남구,129.0810378,35.11686399
남구,129.0812391,35.12181647
남구,129.0812366,35.12174395
남구,129.0678002,35.12805354
동래구,129.0716462,35.19625219
동래구,129.0713917,35.19621042
동래구,129.0713227,35.19645314
동래구,129.0715835,35.19649788
동래구,129.0658604,35.19665384
동래구,129.0668074,35.19359076
동래구,129.0664976,35.19459375
동래구,129.066279,35.19482014
연제구,129.0670327,35.19285876
연제구,129.0670874,35.19267824
연제구,129.0683093,35.18840044
부산진구,129.0554979,35.16235363
부산진구,129.0556978,35.16206256
부산진구,129.0555783,35.16200353
부산진구,129.0553789,35.16228645
부산진구,129.0533,35.18508112
부산진구,129.0551864,35.16227402
부산진구,129.0540848,35.16383457
부산진구,129.053831,35.16393165
부산진구,129.0538403,35.16407538
부산진구,129.0532553,35.16515719
부산진구,129.0507035,35.16793057
부산진구,129.0506946,35.16801046
부산진구,129.0644159,35.1490332
부산진구,129.063271,35.14874332
부산진구,129.0628925,35.14878443
부산진구,129.0631106,35.14840052
연제구,129.0545918,35.18616025
부산진구,129.0628618,35.14835324
부산진구,129.0659001,35.14961909
부산진구,129.0658232,35.14965742
부산진구,129.0658238,35.1491807
부산진구,129.0654938,35.14906064
부산진구,129.0653807,35.15184909
부산진구,129.0656151,35.15028907
부산진구,129.0656242,35.14973869
부산진구,129.065402,35.14999441
부산진구,129.0652253,35.15000663
부산진구,129.0653718,35.1527779
부산진구,129.0653549,35.15400886
부산진구,129.0653445,35.15235716
부산진구,129.065365,35.1546897
강서구,128.9769383,35.2114734
부산진구,129.0653393,35.15534517
부산진구,129.0653559,35.15727749
부산진구,129.0654456,35.15797549
부산진구,129.0652995,35.15789407
부산진구,129.0651242,35.1633358
부산진구,129.0651617,35.16319632
부산진구,129.0653162,35.16300536
부산진구,129.0505763,35.16866284
부산진구,129.0502809,35.16846666
부산진구,129.0502077,35.16848366
부산진구,129.0550831,35.17094295
부산진구,129.054826,35.17410221
부산진구,129.0546694,35.17574007
부산진구,129.0542991,35.17686488
사상구,129.0003557,35.15025314
강서구,128.9536028,35.21373328
강서구,128.9532218,35.21377128
강서구,128.9520664,35.21388583
강서구,128.9518957,35.21390147
강서구,128.951666,35.21393609
강서구,128.9493199,35.21412474
강서구,128.9487482,35.21421995
강서구,128.9482601,35.21433748
강서구,128.9477913,35.21451333
강서구,128.9460804,35.21508946
강서구,128.953588,35.21389869
부산진구,129.0473266,35.1820605
부산진구,129.0501604,35.1825066
부산진구,129.0492556,35.18169185
부산진구,129.0491577,35.18169963
연제구,129.0558982,35.18714243
연제구,129.055173,35.18661864
부산진구,129.05187,35.18389328
부산진구,129.0512285,35.18338233
부산진구,129.0528697,35.18474525
부산진구,129.0506256,35.18287637
부산진구,129.0529943,35.1848558
동래구,129.0777053,35.20442085
동래구,129.07773,35.20471853
동래구,129.0692587,35.20693514
동래구,129.0672073,35.20888258
동래구,129.0697729,35.20756232
동래구,129.0691004,35.20780398
동래구,129.0700107,35.20811536
동래구,129.0693583,35.20828251
동래구,129.0662158,35.20886616
동래구,129.0630339,35.20985005
중구,129.0372738,35.10300803
동구,129.0595764,35.13129006
동구,129.059676,35.13275595
동구,129.0596314,35.1327778
동구,129.0599662,35.13401347
동구,129.0597641,35.13378674
영도구,129.0606698,35.09739952
영도구,129.0423621,35.09382621
영도구,129.0664478,35.09503304
영도구,129.0671327,35.09455825
영도구,129.0669111,35.09472885
영도구,129.0681916,35.0937622
영도구,129.0686384,35.09331622
영도구,129.0570026,35.09829314
동구,129.0562885,35.13644492
영도구,129.0569791,35.09838758
영도구,129.0603847,35.09701809
중구,129.0370275,35.10516931
동구,129.0527679,35.13247497
중구,129.037119,35.10506936
중구,129.0375974,35.10488686
중구,129.0378208,35.10510423
중구,129.0378934,35.10502259
중구,129.0377216,35.10486964
중구,129.0376984,35.10183787
중구,129.0376371,35.10273347
중구,129.0377416,35.09994095
중구,129.0379163,35.0999012
중구,129.0380701,35.09928825
중구,129.037697,35.09870143
영도구,129.0423089,35.09368736
사하구,128.9588358,35.05873448
영도구,129.0408125,35.08582436
영도구,129.0408849,35.08605468
동구,129.0592467,35.13430595
동구,129.056472,35.1387303
동구,129.0564776,35.13941424
동구,129.0564762,35.13926319
동구,129.0564668,35.13831008
동구,129.0566515,35.13743472
동구,129.0566078,35.13711012
동구,129.0564642,35.13805835
부산진구,129.0523329,35.15753297
부산진구,129.0527197,35.15770279
부산진구,129.0502348,35.15726358
부산진구,129.0503585,35.15739907
부산진구,129.0472224,35.15666411
부산진구,129.046658,35.15631926
동구,129.0413344,35.11807538
동구,129.0402469,35.11596133
동구,129.0399622,35.11543988
동구,129.0563849,35.13643111
동구,129.0566383,35.1368243
동구,129.0550071,35.13492919
동구,129.0548781,35.13479125
동구,129.0542399,35.13417088
동구,129.0528205,35.13295191
동래구,129.0652593,35.21515717
동구,129.0564068,35.13422665
동구,129.0564818,35.13418652
동구,129.0585605,35.13423726
동구,129.0583246,35.13418062
동구,129.0534673,35.13319095
동구,129.05353,35.13323297
동구,129.0535537,35.13311152
동구,129.0589465,35.13449338
동구,129.0565409,35.14122677
동구,129.0565236,35.14154067
동구,129.0565197,35.1420456
동구,129.0565404,35.14226407
동구,129.0562389,35.14175118
동구,129.0560078,35.1417395
동구,129.0558898,35.14190206
동구,129.0557367,35.14196993
동구,129.0556736,35.14187468
동구,129.0559445,35.14228257
동구,129.0559771,35.14367864
동구,129.0561742,35.14394263
동구,129.0561834,35.14352972
부산진구,129.0559537,35.14546752
부산진구,129.0558668,35.14543671
부산진구,129.0557743,35.14541003
부산진구,129.0551203,35.14693778
부산진구,129.0554183,35.14684655
부산진구,129.0558003,35.14665559
연제구,129.0797758,35.1934579
연제구,129.0814818,35.18638439
사상구,129.006749,35.15079817
사상구,129.0061662,35.15075073
사상구,129.0042338,35.15059072
사상구,129.000448,35.15041531
중구,129.0361508,35.1065938
부산진구,129.0185804,35.15281679
부산진구,129.0181754,35.15259629
사상구,129.0120384,35.15124593
사상구,129.0115468,35.15118961
부산진구,129.0207585,35.15322125
동구,129.0516516,35.13156435
사하구,128.9591893,35.05785146
부산진구,129.0216799,35.15321916
부산진구,129.0254678,35.15318973
부산진구,129.0313197,35.15382403
부산진구,129.0318641,35.15391644
부산진구,129.0359111,35.15463418
부산진구,129.0354174,35.15454836
부산진구,129.0331006,35.15413957
부산진구,129.032423,35.15425804
부산진구,129.0324895,35.1540335
서구,129.0242853,35.09654817
중구,129.0351844,35.09789147
중구,129.032953,35.09761466
동구,129.0524474,35.13250436
중구,129.0365569,35.09929629
중구,129.0365962,35.09987403
중구,129.035991,35.09892968
중구,129.0364506,35.10229677
중구,129.0362961,35.10482964
중구,129.0363904,35.10316173
중구,129.0365297,35.10540371
중구,129.0362167,35.1056402
중구,129.0365089,35.10789015
동구,129.0421567,35.11962312
동구,129.0419743,35.11963642
동구,129.0427649,35.12073488
동구,129.0460097,35.12572912
동구,129.0456052,35.12556825
동구,129.0457589,35.12575312
동구,129.0468262,35.12697043
동구,129.0469165,35.12712765
동구,129.059304,35.13426367
동구,129.0593155,35.13420938
동구,129.0593108,35.13408315
동구,129.059795,35.13400768
동구,129.0628972,35.13631516
동구,129.0611252,35.13461487
동구,129.0611577,35.13449472
동구,129.061129,35.13455646
동구,129.0623327,35.13574931
동구,129.0597625,35.1346321
동구,129.0594626,35.13490402
동구,129.0594212,35.1361303
동구,129.0592929,35.13464197
동구,129.0594739,35.13593987
동구,129.0591926,35.13719034
강서구,128.9373645,35.11956087
동구,129.0593845,35.13760464
동구,129.0593691,35.13882553
동구,129.0593674,35.13899795
연제구,129.0691068,35.18024924
부산진구,129.0580005,35.15084375
부산진구,129.0579567,35.15081753
부산진구,129.0616771,35.15061358
부산진구,129.0593877,35.15745741
연제구,129.0900006,35.18557396
부산진구,129.067793,35.17676722
연제구,129.068575,35.17829702
연제구,129.0687942,35.17953615
연제구,129.0680864,35.17758141
부산진구,129.0678793,35.1770735
연제구,129.0697127,35.18179964
연제구,129.0704639,35.18381439
북구,129.0095214,35.2142662
연제구,129.0691985,35.18056196
연제구,129.0708943,35.18561504
연제구,129.0711125,35.18568721
연제구,129.0719572,35.18632201
사하구,128.9339936,35.09435627
연제구,129.0727079,35.18732001
연제구,129.071387,35.18557341
연제구,129.0715667,35.18587516
연제구,129.0754152,35.18958452
연제구,129.0745698,35.18903504
연제구,129.0769539,35.19056214
연제구,129.0770717,35.1906379
연제구,129.0779452,35.19129035
연제구,129.0780294,35.19142531
연제구,129.0782722,35.19174311
연제구,129.0785164,35.192234
연제구,129.0787265,35.19255455
연제구,129.0598912,35.18824149
연제구,129.0569195,35.18774412
연제구,129.0604901,35.18843489
연제구,129.0601713,35.18829871
연제구,129.0564775,35.18749704
연제구,129.0611756,35.18878357
연제구,129.0625381,35.18945868
연제구,129.0621331,35.18946308
연제구,129.0625991,35.18964275
연제구,129.0676597,35.19131239
연제구,129.0655286,35.19054597
연제구,129.0656779,35.19075125
연제구,129.0674486,35.1915042
연제구,129.067315,35.19137831
연제구,129.0671296,35.19103236
연제구,129.0672405,35.19093148
연제구,129.0667865,35.19083766
연제구,129.0670282,35.19070658
연제구,129.067497,35.19053302
연제구,129.0677201,35.19067761
연제구,129.070313,35.1902821
연제구,129.068336,35.19101181
연제구,129.0679378,35.19099459
연제구,129.0719838,35.18946569
연제구,129.0718692,35.18972158
연제구,129.0720549,35.18965056
연제구,129.0728978,35.18885275
연제구,129.0732489,35.18823046
연제구,129.0739529,35.18884378
연제구,129.0734833,35.18875403
연제구,129.0737612,35.18825584
연제구,129.0744169,35.18848912
연제구,129.0743793,35.1887373
연제구,129.0745212,35.18830811
연제구,129.0742587,35.18830262
연제구,129.0766303,35.18780153
연제구,129.0792642,35.18689246
연제구,129.0778852,35.18738779
연제구,129.0796926,35.18673426
부산진구,129.0406265,35.1554479
부산진구,129.0411698,35.15554597
부산진구,129.0464246,35.15651566
부산진구,129.0467574,35.15644341
부산진구,129.0464605,35.15628067
부산진구,129.0459553,35.15640566
북구,129.0047065,35.21559683
부산진구,129.0568166,35.1574806
부산진구,129.0568523,35.1574362
부산진구,129.0555403,35.15771007
부산진구,129.0561829,35.15771455
부산진구,129.0573986,35.1577236
부산진구,129.0570074,35.15771941
부산진구,129.056672,35.15775667
부산진구,129.0588699,35.15783472
부산진구,129.058694,35.15804794
부산진구,129.0633442,35.17488396
부산진구,129.058565,35.15781764
부산진구,129.0590915,35.15793916
부산진구,129.0588786,35.15818294
부산진구,129.0621677,35.1613705
부산진구,129.0595193,35.15794549
부산진구,129.0644144,35.16378541
부산진구,129.0642917,35.16376278
부산진구,129.0637799,35.16387333
부산진구,129.064283,35.16402406
부산진구,129.0642777,35.16483353
부산진구,129.0681197,35.16908914
부산진구,129.0673122,35.16847384
부산진구,129.0335003,35.14961181
부산진구,129.0683384,35.16923134
사하구,128.9645691,35.10616552
수영구,129.1064865,35.17197803
수영구,129.1053252,35.17216801
수영구,129.1051549,35.17220498
연제구,129.0825051,35.17511376
연제구,129.0818171,35.17536086
연제구,129.0818064,35.17527611
부산진구,129.0530657,35.1701267
부산진구,129.0677659,35.17445124
부산진구,129.0575763,35.17107451
부산진구,129.0554585,35.17061158
부산진구,129.0620984,35.17464149
부산진구,129.0615909,35.1744061
부산진구,129.063559,35.17487875
부산진구,129.0640321,35.17483287
부산진구,129.0665725,35.1746661
부산진구,129.0672733,35.17464511
부산진구,129.0678367,35.17514182
부산진구,129.0677597,35.17479861
부산진구,129.0677956,35.17489715
북구,129.0361759,35.21302111
부산진구,129.0678225,35.17463571
북구,129.0445433,35.21496546
북구,129.0384332,35.21299424
북구,129.0427582,35.21341415
북구,129.0386096,35.21295852
북구,129.042981,35.21320247
북구,129.0379319,35.21279329
북구,129.0367958,35.21297263
북구,129.036719,35.21271305
북구,129.036541,35.21260339
북구,129.0365028,35.21266955
북구,129.0361497,35.21277176
북구,129.0366151,35.21277977
북구,129.0274992,35.21304342
북구,129.0278517,35.21279941
북구,129.0281444,35.21310054
북구,129.0281054,35.212766
북구,129.031944,35.21291899
북구,129.0356247,35.2130756
북구,129.0361882,35.21283828
북구,129.0355102,35.21292773
연제구,129.0870161,35.17467458
연제구,129.0864934,35.17490134
연제구,129.0865989,35.17497246
연제구,129.0863353,35.17504098
연제구,129.0858817,35.17638057
연제구,129.0852013,35.17801274
연제구,129.0858171,35.17652969
연제구,129.0850932,35.17825127
연제구,129.081883,35.1855803
부산진구,129.0716032,35.1731885
부산진구,129.0712726,35.17323923
부산진구,129.0751662,35.17828458
부산진구,129.0751063,35.1781507
연제구,129.0816173,35.18572645
연제구,129.0811521,35.18602272
북구,129.0043022,35.21279872
북구,129.0247549,35.21338087
북구,129.0358215,35.21319322
북구,129.0250564,35.2135488
북구,129.0254053,35.21361717
북구,129.0258346,35.21349956
북구,129.0255651,35.21324731
북구,129.0252893,35.21317821
북구,129.0209932,35.21324072
북구,129.0225477,35.21327656
북구,129.0184141,35.21315942
북구,129.0153075,35.2126013
북구,129.0158013,35.21272161
북구,129.0162234,35.21282617
북구,129.0036126,35.20968003
북구,129.0036669,35.20973228
북구,129.0035798,35.2096186
북구,129.0025888,35.2096624
북구,129.0025037,35.20956507
북구,129.0023873,35.20948802
북구,129.0023582,35.20945119
북구,129.0033646,35.23582927
북구,129.0002398,35.20936549
북구,129.0103905,35.21161446
북구,129.010468,35.21184372
북구,129.0104615,35.21176042
북구,129.0099649,35.21320711
북구,129.0096491,35.21423223
북구,129.0091226,35.21736353
북구,129.0089997,35.21716128
북구,129.0032005,35.20483274
북구,129.0044692,35.20531695
북구,129.0041198,35.20527817
북구,129.0057828,35.21022048
북구,129.0056788,35.21007623
북구,129.0055268,35.20987133
북구,129.0051932,35.20991288
북구,129.0050376,35.20992241
북구,129.0051103,35.21026527
북구,129.0050085,35.21015245
북구,129.0052522,35.21025783
북구,129.0056484,35.21031816
북구,129.0053367,35.21035459
북구,129.0049676,35.21101934
북구,129.0048342,35.21137198
북구,129.0044271,35.2145113
북구,129.0041468,35.21324887
북구,129.0041023,35.21849692
북구,129.0040797,35.21841335
북구,129.0038439,35.21763158
북구,129.0085636,35.21502086
북구,129.0082284,35.21479582
북구,129.0073025,35.21480519
북구,129.0057381,35.21522834
북구,129.00358,35.21807756
북구,129.0030884,35.21620547
북구,129.0050076,35.21511653
북구,129.0026548,35.21501858
북구,129.0139189,35.23447152
북구,129.0023252,35.21570586
북구,129.0021728,35.21551299
북구,129.0035931,35.21664035
북구,129.0029884,35.21518564
북구,129.0022202,35.21321521
북구,129.0000988,35.21602811
북구,128.999923,35.21582762
북구,129.0080231,35.2353641
북구,129.0079913,35.2352121
서구,129.022601,35.09648949
북구,129.0060411,35.23561134
북구,129.0059202,35.23546039
북구,129.0033103,35.23563039
강서구,128.9925821,35.23465692
강서구,128.9925305,35.23485176
북구,129.0068056,35.22470582
북구,129.0065998,35.22667728
북구,129.0104215,35.2474161
북구,129.004912,35.21638494
북구,129.0069541,35.21949489
북구,129.0070453,35.21960635
북구,129.0081938,35.22027196
북구,129.0079659,35.22029284
북구,129.0080394,35.2203885
북구,129.0081895,35.220391
북구,129.0084276,35.22047789
북구,129.0077906,35.22031864
북구,129.0084151,35.22099119
북구,129.0095302,35.22382284
북구,129.0134809,35.23368506
북구,129.0139352,35.23930459
북구,129.0130972,35.24480559
북구,129.013106,35.24760176
중구,129.0254949,35.09764262
중구,129.0253973,35.09789239
중구,129.0255775,35.0974392
중구,129.0248943,35.09875462
중구,129.0249044,35.09864805
중구,129.0250263,35.09933881
중구,129.0249228,35.0993302
중구,129.0249862,35.09904833
중구,129.0244827,35.09937529
중구,129.0246212,35.09940695
중구,129.0244458,35.09967077
서구,129.0171973,35.11633309
중구,129.0247391,35.09976399
중구,129.0247425,35.09966973
중구,129.0248249,35.0996548
중구,129.0249733,35.0996761
서구,129.0163562,35.10014122
서구,129.0162747,35.10022415
서구,129.0163631,35.10034885
서구,129.0164336,35.10010669
서구,129.0167632,35.1001383
서구,129.0165939,35.10021095
서구,129.0198825,35.10213006
서구,129.0199535,35.10317399
중구,129.0253218,35.10334665
중구,129.0251607,35.10347326
중구,129.0225528,35.10730187
중구,129.0225801,35.10763309
중구,129.0226074,35.10736139
중구,129.0254982,35.10323898
중구,129.025418,35.10320185
중구,129.0249316,35.10302462
중구,129.0251298,35.1028983
중구,129.0249882,35.10327008
중구,129.0251163,35.10335373
중구,129.0249619,35.10306386
중구,129.0236761,35.10319374
중구,129.0225159,35.10760503
서구,129.0204088,35.10768737
서구,129.0180568,35.1102297
서구,129.0178671,35.11028603
서구,129.0181554,35.11006451
서구,129.0178775,35.10984301
서구,129.0176632,35.11019766
서구,129.0176182,35.11009063
서구,129.0176636,35.10990421
서구,129.0157338,35.10919822
서구,129.0236278,35.11204363
서구,129.0223324,35.11164614
서구,129.0241141,35.11223703
서구,129.0219457,35.11125066
서구,129.0220389,35.1114316
서구,129.0218109,35.11157713
서구,129.0216752,35.11121224
서구,129.0218089,35.11125491
서구,129.0217383,35.111737
서구,129.0220987,35.11167034
서구,129.020771,35.11324366
서구,129.020695,35.11322633
서구,129.02158,35.11163546
서구,129.0213791,35.11141531
서구,129.0170001,35.11630664
서구,129.0173517,35.11608533
서구,129.0129079,35.11926068
서구,129.0108256,35.1210857
서구,129.0152783,35.11490667
서구,129.0151799,35.11488427
서구,129.0128305,35.11646125
서구,129.0127595,35.11672065
서구,129.0130164,35.11624971
서구,129.0135512,35.11569598
서구,129.0125353,35.11110105
서구,129.0124494,35.11106352
서구,129.0121601,35.11122815
서구,129.012558,35.11093913
서구,129.0226663,35.08042801
서구,129.0098943,35.10903914
사하구,129.0036894,35.10398721
서구,129.02098,35.07939009
사하구,129.0067188,35.10562025
사하구,129.0027455,35.10346216
사하구,128.9819122,35.10008219
사하구,129.0024077,35.10350583
사하구,129.002526,35.10343973
서구,129.0242691,35.09629823
서구,129.0244394,35.08822012
서구,129.0247676,35.08139006
서구,129.025072,35.08217255
서구,129.0250477,35.08240351
사상구,128.9757435,35.16387174
서구,129.024547,35.08122156
사하구,128.9584061,35.06036419
서구,129.0238852,35.08091074
서구,129.0223055,35.07988384
영도구,129.032682,35.08021841
서구,129.0224268,35.07972549
서구,129.0224015,35.08010425
서구,129.0220115,35.07973866
서구,129.021879,35.07978802
서구,129.0214624,35.07976025
서구,129.019408,35.07867047
서구,129.0193278,35.07876155
서구,129.0195738,35.07856716
서구,129.0124969,35.081964
서구,129.0164135,35.075803
서구,129.0162525,35.07555209
서구,129.0161239,35.07566768
서구,129.0162586,35.07580939
서구,129.0187276,35.07836543
서구,129.0189187,35.07869722
서구,129.0183473,35.07853442
서구,129.0178456,35.07930563
서구,129.0185066,35.078683
서구,129.0178475,35.07949637
서구,129.01617,35.08127443
서구,129.0127353,35.08198889
서구,129.0123318,35.08194818
사하구,129.0085879,35.08467976
사하구,129.0054681,35.08740115
사하구,129.0067586,35.08617237
사하구,129.0048556,35.08765026
사하구,128.9904747,35.07663345
사하구,128.9843464,35.08441458
사하구,128.9846981,35.08505614
사하구,128.9641063,35.11279863
사하구,128.9891424,35.08588479
사하구,128.990179,35.08543601
부산진구,129.0334565,35.14952261
사하구,128.9995152,35.08914623
사하구,128.9992277,35.08942485
사하구,128.9992148,35.08965814
사하구,128.9926776,35.08566584
사하구,129.0001121,35.08914096
사하구,128.9933701,35.09245802
사하구,128.9930689,35.09286196
사하구,128.9937281,35.09652337
사하구,128.9779431,35.09573421
사하구,128.9776735,35.0956946
사하구,128.977035,35.09969532
사하구,128.9779019,35.09715424
사하구,128.976998,35.0993866
사하구,129.0001345,35.10319472
사하구,128.9990348,35.10252961
사하구,128.9981479,35.10227425
사하구,128.9945161,35.10042038
사하구,128.9863191,35.09920489
사하구,128.9824384,35.09996507
사하구,128.9812383,35.10022058
사하구,128.9780496,35.1017593
사하구,128.9795133,35.10085096
사하구,128.9769161,35.1024696
사하구,128.9646898,35.09116486
사하구,128.9645938,35.09133418
사하구,128.9610955,35.10621696
사하구,128.9610966,35.10614064
사하구,128.9612792,35.10629278
사하구,128.9632703,35.10622077
사하구,128.9639181,35.1062216
사하구,128.9669069,35.10628062
사하구,128.9659039,35.10616853
사하구,128.9657321,35.10628001
사하구,128.9678886,35.1063308
사하구,128.9674241,35.10778865
사하구,128.9673106,35.10794813
사하구,128.965709,35.11038637
사하구,128.9665287,35.10914695
사하구,128.9664472,35.10926597
사하구,128.9650062,35.11149315
강서구,128.9013759,35.08896179
사하구,128.9634586,35.11350921
사상구,128.9957125,35.154972
사하구,128.9638028,35.11313479
강서구,128.921527,35.18903432
사하구,128.9628748,35.11409012
사하구,128.9612994,35.11495928
사하구,128.9611349,35.11492848
사하구,128.9608791,35.11495455
사하구,128.9615022,35.11499329
사하구,128.9617228,35.11494312
사하구,128.9620176,35.11480075
사하구,128.9616964,35.11473397
사하구,128.9617817,35.11482426
사하구,128.9618501,35.1151996
사하구,128.9619013,35.11510335
사상구,128.9665171,35.12445272
사상구,128.9670933,35.12507639
사상구,129.0015038,35.18586081
사상구,128.9681846,35.1259698
사상구,128.9682953,35.12631461
사하구,128.9568841,35.10528146
사상구,128.9686142,35.12678049
사상구,128.9687177,35.12667646
사상구,128.9695079,35.12785944
사상구,128.9698052,35.12807589
사상구,128.969601,35.12799991
사상구,128.9702655,35.12891476
사하구,128.9571599,35.06565043
사상구,128.9709563,35.12976132
사상구,128.9718083,35.13083372
사상구,128.9968803,35.1348791
사상구,128.9970006,35.1349364
사상구,128.9967903,35.13465362
사상구,128.9895939,35.14045398
사상구,128.9893055,35.14065662
사상구,128.9876107,35.14282679
사상구,128.9877894,35.14322084
사상구,128.9888404,35.14119122
사상구,128.9692627,35.14560692
사상구,128.9690129,35.14522878
사상구,128.9736615,35.15879028
사상구,128.976035,35.16887266
사상구,128.9758026,35.16537963
사상구,128.975692,35.16557953
사상구,128.975383,35.1773005
사상구,128.9757833,35.17640646
사하구,128.956964,35.10579577
사하구,128.9574341,35.10629431
사상구,128.9801693,35.19092613
사상구,128.9807919,35.1917218
사상구,128.9802155,35.19148179
사상구,128.9814364,35.19295933
사상구,128.9831955,35.19274633
사상구,128.9844097,35.19495838
북구,128.9893286,35.19898607
북구,128.9889107,35.19856568
북구,128.9884428,35.19858442
북구,128.9890379,35.19917583
사하구,128.9556598,35.09662384
사하구,128.9563224,35.1023665
강서구,128.9182,35.09181562
사하구,128.957311,35.10755161
사하구,128.9587343,35.11408392
사하구,128.958621,35.11373667
사하구,128.958322,35.11282022
사하구,128.958078,35.11189906
사하구,128.9578747,35.11096879
사하구,128.9576724,35.1100404
사하구,128.9574703,35.10910413
사하구,128.9565392,35.10512052
사하구,128.9568852,35.10566689
강서구,128.8692524,35.13726051
사상구,128.9685824,35.14396358
사하구,128.957681,35.10641169
사하구,128.9563821,35.10640069
사하구,128.9563872,35.10652627
사하구,128.9570555,35.10655463
사하구,128.9572064,35.10683377
사하구,128.9571865,35.1071423
사하구,128.9570338,35.10770957
사하구,128.9589171,35.1146143
사하구,128.9594499,35.11617879
사하구,128.9597688,35.11717145
사하구,128.9600751,35.11808521
사하구,128.9603775,35.11899491
사하구,128.9606835,35.11991243
사상구,128.9609875,35.12082111
사상구,128.9683503,35.14367319
사상구,128.9612907,35.12173205
사상구,128.9619025,35.12355892
사상구,128.9622068,35.12446915
사상구,128.9625329,35.12544541
사상구,128.9628796,35.12648796
사상구,128.9630751,35.12711114
사상구,128.9632186,35.12747212
사상구,128.9633829,35.12797854
사상구,128.9645366,35.1314448
사상구,128.9641902,35.13040508
사상구,128.9639957,35.12982056
사상구,128.9638217,35.12929865
사상구,128.9679391,35.14278777
사상구,128.9675282,35.14190471
사상구,128.9671705,35.14099267
사하구,128.9576323,35.05653581
사상구,128.9668476,35.14009598
사상구,128.9666894,35.13915047
사상구,128.9665702,35.13819507
사상구,128.9664528,35.13726721
사상구,128.9661616,35.13633431
사상구,128.9658558,35.13541521
사상구,128.965554,35.13451078
사상구,128.9652297,35.13352805
사상구,128.9650151,35.13288513
사상구,128.9648855,35.13249438
사상구,128.9687575,35.14462485
사상구,128.9692418,35.14501877
사상구,128.9711011,35.14850492
사상구,128.975569,35.16273938
사상구,128.9782889,35.18767189
사상구,128.980387,35.19034601
사상구,128.9808128,35.19084712
사상구,128.9827487,35.19249734
사상구,128.9826483,35.19272595
사상구,128.9887516,35.14696484
사상구,128.9837913,35.19367057
사상구,128.9834226,35.19336901
사상구,128.9847161,35.19443434
사상구,128.9856493,35.19516516
사상구,128.9902362,35.15295731
북구,128.9877876,35.19690715
사상구,128.9864674,35.19579945
사상구,128.9858348,35.19531838
북구,128.9914782,35.20047672
북구,128.991206,35.20028426
북구,128.9882475,35.19729545
북구,128.996215,35.20596596
북구,128.9999032,35.20947723
북구,128.9996415,35.20931103
사상구,128.971422,35.1346767
사상구,128.9711217,35.13626174
사상구,128.9709332,35.13726066
사상구,128.9707798,35.13806773
사상구,128.9976158,35.15401314
사상구,128.9901489,35.15255642
사상구,128.9698208,35.14320544
사상구,128.9891891,35.14923764
사상구,128.989494,35.14923765
사상구,128.9893182,35.14924477
사상구,128.9881986,35.14383955
사상구,128.9881234,35.14432962
사상구,128.9886038,35.14639035
사상구,128.9819241,35.15101559
사상구,128.9895923,35.15045128
사상구,128.9894351,35.14979705
사상구,128.9893408,35.14981612
사상구,128.9899315,35.15178286
사상구,128.9898003,35.15120739
사상구,128.9904821,35.15380902
사상구,128.9905315,35.1540533
사상구,128.9906267,35.15441133
사상구,128.99068,35.15462009
사상구,129.0009709,35.15279917
사상구,128.9983019,35.15362298
사상구,128.9980549,35.15017852
사상구,128.9970967,35.15419758
사상구,128.9968119,35.15428493
사상구,128.9948246,35.15604118
사상구,128.9932557,35.15787161
사상구,128.9925484,35.15889225
사상구,128.992844,35.15836674
사상구,128.9885053,35.1824882
사하구,128.9568033,35.06701124
사상구,128.9909815,35.16186426
사상구,128.9892864,35.16606893
사상구,128.9886409,35.16944155
사상구,128.9885225,35.16931437
사상구,128.9884728,35.16991694
사상구,128.9881644,35.17174138
사상구,128.9879737,35.17203312
사상구,128.9881844,35.17334248
사상구,128.9882399,35.17370763
사상구,128.9884277,35.1751157
사상구,128.9884367,35.17524071
사상구,128.9884778,35.17665742
사상구,128.988529,35.17889068
사상구,128.9885306,35.18128209
사상구,128.9885313,35.1814888
사상구,128.9885318,35.18192209
사상구,128.9885595,35.18228557
사상구,128.9885263,35.18267508
사상구,128.9907191,35.18443067
북구,128.9956486,35.19802747
북구,128.995564,35.19789643
북구,128.9984596,35.20117924
북구,128.9990057,35.20068828
북구,128.9982778,35.20088958
북구,128.9984565,35.20131435
사상구,129.0004665,35.15011117
사상구,128.9996677,35.15037736
사상구,128.9910491,35.15553432
사상구,128.9853198,35.16199766
사상구,128.984916,35.16176698
사상구,128.984597,35.16178866
사하구,128.959004,35.05856822
사상구,128.9845619,35.162012
사상구,128.9851224,35.16186267
사상구,128.9853685,35.16186374
사상구,128.9843109,35.16197779
사상구,128.9839974,35.16208158
사상구,128.9841296,35.16309113
사상구,128.9883278,35.18830382
사상구,128.9894636,35.19166203
사상구,128.9895172,35.19178343
사상구,128.9980765,35.14996599
북구,128.9913637,35.20011754
사상구,129.000211,35.14997626
사상구,128.9916074,35.14500338
사상구,128.9879808,35.14381089
사상구,128.9877268,35.14383479
사상구,128.9875117,35.14355554
사상구,128.987619,35.14354755
사상구,128.9880485,35.14333562
사상구,128.9875466,35.1430756
사상구,128.9872407,35.14302165
사상구,128.983324,35.1420694
사상구,128.9775433,35.13958142
사상구,128.9722324,35.13300889
사하구,128.9950428,35.05349713
사하구,128.9951838,35.05325986
사하구,128.9831695,35.08488914
사하구,128.9816302,35.08481438
사하구,128.9591674,35.05745449
사하구,128.9585938,35.06012987
사하구,128.9578291,35.06307887
사하구,128.957721,35.06303623
사하구,128.9569735,35.06634947
사하구,128.9574055,35.06423128
사하구,128.9570898,35.06545365
사하구,128.9568581,35.06634407
사하구,128.9566342,35.06720513
사하구,128.9560056,35.0700944
사하구,128.964715,35.08052944
사하구,128.964649,35.07967635
사하구,128.9647227,35.08063003
사하구,128.964761,35.0810894
사하구,128.9648557,35.08249715
사하구,128.9595077,35.08136296
사하구,128.9650246,35.08228725
강서구,128.9811873,35.21098525
사하구,128.9652964,35.08247865
사하구,128.9644427,35.08252689
사하구,128.9667368,35.08248185
사하구,128.9724999,35.08208724
사하구,128.972284,35.08224323
강서구,128.9442187,35.21572453
사하구,128.9773262,35.08086989
사하구,128.9772582,35.07801196
사하구,128.9771456,35.07745222
사하구,128.9719287,35.0587733
사하구,128.9771691,35.07075589
사하구,128.979674,35.06732151
강서구,128.9038933,35.08885808
사하구,128.9798198,35.06654445
사하구,128.9799251,35.06697224
사하구,128.9744123,35.06049092
사하구,128.9721159,35.058996
사하구,128.9701669,35.04979981
사하구,128.9690665,35.04785339
사하구,128.9698874,35.04899313
사하구,128.9700046,35.04932858
사하구,128.9692566,35.04786533
사하구,128.959243,35.05092491
사하구,128.9589685,35.0513477
사하구,128.9591392,35.05129934
사하구,128.9580847,35.05275746
부산진구,129.0333946,35.1495559
사하구,128.957322,35.05540011
사하구,128.9571008,35.05625291
사하구,128.9566392,35.05802753
사하구,128.9517841,35.07777482
사하구,128.9512927,35.08470635
강서구,128.9587934,35.16405355
사하구,128.9579601,35.08567208
사하구,128.9579965,35.08560473
강서구,128.9479138,35.15699446
강서구,128.9199199,35.09114597
사하구,128.9542464,35.08571278
사하구,128.9526262,35.0857755
사하구,128.9531262,35.08763397
사하구,128.9579302,35.08573601
사하구,128.9512852,35.0843189
사하구,128.9531393,35.0851429
사하구,128.9541261,35.08597933
사하구,128.9526914,35.08730275
강서구,128.9446531,35.21556926
사하구,128.9526854,35.08688769
북구,128.9958186,35.20576931
북구,128.9921844,35.20154129
북구,128.9933735,35.20443258
북구,128.9933031,35.20425864
강서구,128.9847165,35.20990383
강서구,128.9807516,35.21091874
강서구,128.9766119,35.21143108
강서구,128.9768174,35.2113438
강서구,128.9742054,35.21144324
강서구,128.9460105,35.15673848
강서구,128.9735223,35.21173479
강서구,128.9712145,35.21204246
강서구,128.9712836,35.21196894
강서구,128.9712325,35.21190302
강서구,128.9712947,35.2117708
강서구,128.971876,35.21171999
강서구,128.9737822,35.21172238
강서구,128.9739636,35.21135632
사상구,129.0015928,35.18591107
강서구,128.9437384,35.21588688
강서구,128.9439165,35.21581882
강서구,128.9411989,35.21673065
강서구,128.9406802,35.21691394
강서구,128.9376918,35.21790767
강서구,128.9397836,35.21721371
강서구,128.9403342,35.2170257
강서구,128.9373359,35.21802469
강서구,128.9738412,35.21172512
강서구,128.9736753,35.21155751
강서구,128.9745423,35.21174821
강서구,128.9581602,35.18123823
사하구,128.9466165,35.10809304
강서구,128.9744889,35.21145953
강서구,128.9748388,35.21159753
강서구,128.9846452,35.21025567
강서구,128.9597092,35.16598508
강서구,128.9594467,35.16605849
강서구,128.9590327,35.16485453
강서구,128.9587065,35.16333227
강서구,128.9569215,35.15848261
강서구,128.9515284,35.14587706
강서구,128.9508679,35.14431406
강서구,128.9502695,35.14347518
강서구,128.8916657,35.20496065
강서구,128.9603221,35.17205523
강서구,128.9600668,35.17192698
강서구,128.9600313,35.16953478
강서구,128.9599081,35.17330694
강서구,128.9597428,35.17387291
강서구,128.9580862,35.17881351
강서구,128.9580458,35.1791437
강서구,128.9591102,35.17622597
강서구,128.9584279,35.18150541
강서구,128.9849046,35.21056822
강서구,128.9632327,35.19407177
강서구,128.9693245,35.20043666
강서구,128.9937291,35.23380984
강서구,128.9732566,35.20316567
부산진구,129.0333329,35.14957636
강서구,128.9700257,35.20091506
강서구,128.9697318,35.20074967
강서구,128.97373,35.20364602
강서구,128.9757256,35.20474164
강서구,128.9760037,35.20511753
강서구,128.9808488,35.2077259
강서구,128.9802046,35.2075232
강서구,128.9805678,35.20771746
강서구,128.9842144,35.20990553
강서구,128.9939729,35.23401139
사하구,128.9398081,35.109214
강서구,128.9930025,35.23354814
강서구,128.9936226,35.23351211
강서구,128.993667,35.23271613
강서구,128.9936037,35.23229372
강서구,128.9855297,35.20970685
강서구,128.9873029,35.21276895
강서구,128.9847468,35.2108135
강서구,128.9851759,35.21075717
강서구,128.984947,35.21044622
강서구,128.9835687,35.21079937
강서구,128.9846696,35.21058694
강서구,128.9564462,35.21480108
강서구,128.953588,35.21389869
사하구,128.9473109,35.10769707
사하구,128.9455237,35.1082385
사하구,128.9457607,35.10795731
사하구,128.9344351,35.11073001
강서구,128.9333433,35.11196926
사하구,128.9347941,35.11044998
강서구,128.9315312,35.11203377
강서구,128.9310174,35.11197174
강서구,128.9330028,35.11092381
강서구,128.930711,35.11162176
강서구,128.9332474,35.11055284
강서구,128.9318724,35.11023562
강서구,128.9303336,35.11049443
강서구,128.9297838,35.11159862
강서구,128.9498845,35.17612968
강서구,128.9295015,35.11238899
강서구,128.9011977,35.17800785
강서구,128.9298078,35.1121755
강서구,128.9578272,35.18102534
강서구,128.9577553,35.18060476
강서구,128.9551543,35.18139903
강서구,128.955122,35.18126917
강서구,128.9560116,35.18114832
강서구,128.9539702,35.18160271
강서구,128.9537108,35.18151094
강서구,128.9498943,35.17695095
강서구,128.9498353,35.17702148
강서구,128.905449,35.2143865
강서구,128.9497092,35.1758609
강서구,128.9379699,35.22812956
강서구,128.9382982,35.22808823
강서구,128.9354355,35.22632148
강서구,128.9356423,35.22625782
강서구,128.9292321,35.22148388
강서구,128.9293307,35.22143325
강서구,128.9290879,35.22151331
강서구,128.9286931,35.22120568
강서구,128.9009178,35.17817349
강서구,128.9285706,35.22109667
금정구,129.1078437,35.3074704
강서구,128.9257842,35.21990038
강서구,128.9258124,35.21974393
강서구,128.8985529,35.20145662
강서구,128.8964388,35.20081648
강서구,128.8964402,35.20091479
강서구,128.8979522,35.1993033
강서구,128.8974589,35.19997776
강서구,128.8967027,35.19942439
강서구,128.8962448,35.19865323
강서구,128.9110127,35.21583348
강서구,128.9111889,35.21573872
강서구,128.9046271,35.21434905
강서구,128.8888508,35.21406405
강서구,128.8892004,35.21408465
강서구,128.8916614,35.2139482
강서구,128.8917316,35.21378247
강서구,128.8862712,35.21313653
강서구,128.8862582,35.21295453
강서구,128.889188,35.212836
강서구,128.889562,35.21287648
강서구,128.8895017,35.21248049
강서구,128.8904845,35.20927138
강서구,128.8905494,35.20901548
강서구,128.8911839,35.20672737
강서구,128.8912481,35.20646858
강서구,128.8918684,35.20421002
강서구,128.8921832,35.20328429
강서구,128.8944922,35.19752151
강서구,128.8930204,35.20097485
강서구,128.8928649,35.20182166
강서구,128.8930245,35.20168891
강서구,128.8928762,35.20168552
강서구,128.8930746,35.2015029
강서구,128.8929359,35.20150823
강서구,128.8928823,35.20136062
강서구,128.8929867,35.20136803
강서구,128.8952476,35.19694393
강서구,128.9007259,35.17573208
강서구,128.8948415,35.19696181
강서구,128.8950952,35.19663141
강서구,128.8958499,35.19648092
강서구,128.8969001,35.19615537
강서구,128.8975556,35.19612743
강서구,128.8977556,35.19600314
강서구,128.9000915,35.19609421
강서구,128.8985984,35.19605119
강서구,128.9014586,35.19600617
강서구,128.9017602,35.19586495
강서구,128.9018818,35.19593516
강서구,128.9023743,35.19543198
강서구,128.9023079,35.19535188
강서구,128.9024745,35.19510189
강서구,128.9029871,35.1943313
강서구,128.9033669,35.19299068
강서구,128.904404,35.19072154
강서구,128.9038438,35.19164629
강서구,128.9037332,35.1918606
강서구,128.9044474,35.19051543
강서구,128.903982,35.18805602
강서구,128.9030362,35.18631541
강서구,128.9024948,35.18545718
강서구,128.9019439,35.1845696
강서구,128.9013234,35.18394056
강서구,128.9016116,35.18373793
강서구,128.9009438,35.18182624
강서구,128.9012439,35.18080569
강서구,128.9010765,35.17978124
강서구,128.9010739,35.17940064
강서구,128.9007407,35.1760477
강서구,128.9008286,35.17599134
강서구,128.9215715,35.18924886
강서구,128.9010341,35.17593753
강서구,128.9007165,35.17328725
강서구,128.9008244,35.17552139
강서구,128.9010128,35.17336963
강서구,128.9010289,35.17552737
강서구,128.8994629,35.17118536
강서구,128.9006267,35.17585039
강서구,128.9006323,35.17562044
강서구,128.9005089,35.17575538
강서구,128.8949883,35.17614845
강서구,128.8890687,35.17660248
강서구,128.8874357,35.17679608
강서구,128.9209249,35.18934454
강서구,128.9212714,35.11419556
강서구,128.8929379,35.16333412
강서구,128.950035,35.1429984
강서구,128.9480849,35.13887682
강서구,128.9457492,35.13426546
강서구,128.9455095,35.13382468
강서구,128.9418007,35.12677136
강서구,128.9428656,35.12856195
강서구,128.9212743,35.18876399
강서구,128.9216746,35.18931964
강서구,128.9212384,35.18924739
강서구,128.9211365,35.18915992
강서구,128.9212981,35.18896724
강서구,128.9157631,35.17496849
강서구,128.9157018,35.17480673
강서구,128.9398858,35.12396216
부산진구,129.0333186,35.14940653
강서구,128.9369507,35.11930871
강서구,128.9327216,35.11286897
강서구,128.9326347,35.1124472
강서구,128.9330067,35.11272201
강서구,128.932362,35.11231415
강서구,128.9321622,35.11221699
강서구,128.9322456,35.11220849
강서구,128.9275246,35.09938376
강서구,128.9325436,35.11196268
강서구,128.9321347,35.11203601
강서구,128.9322627,35.11217773
강서구,128.9313104,35.11055265
강서구,128.9314086,35.11035889
강서구,128.9308379,35.10958309
강서구,128.9312717,35.11009668
강서구,128.9306306,35.10873422
강서구,128.9299364,35.1074051
강서구,128.9301921,35.10793819
강서구,128.9279635,35.10083541
강서구,128.9278544,35.10052171
해운대구,129.1185149,35.2146689
강서구,128.9271849,35.09824388
강서구,128.9251132,35.09321341
강서구,128.92353,35.09221497
강서구,128.9225548,35.09188843
강서구,128.9185732,35.09070427
사하구,128.9540707,35.08976917
사하구,128.9534077,35.08897712
사하구,128.9506117,35.08107722
사하구,128.9502931,35.08539585
사하구,128.9523358,35.08595573
사하구,128.9488074,35.08708441
사하구,128.9489085,35.08681464
사하구,128.933418,35.09430905
강서구,128.9146507,35.08930331
강서구,128.9173919,35.09158997
강서구,128.9199064,35.0921636
강서구,128.9183135,35.09165727
강서구,128.9183089,35.0917054
강서구,128.9182421,35.09173287
강서구,128.918239,35.09177858
강서구,128.9182394,35.09152902
강서구,128.9182601,35.09148599
강서구,128.9182833,35.0914455
강서구,128.9183057,35.09140456
강서구,128.9183253,35.09136191
강서구,128.9183525,35.09131763
강서구,128.9184825,35.09131108
강서구,128.9177863,35.0914795
강서구,128.9177669,35.0915236
강서구,128.9177417,35.09156496
강서구,128.9177226,35.0916064
강서구,128.917698,35.09164664
강서구,128.9173691,35.09163664
강서구,128.917367,35.09092852
강서구,128.9173408,35.09097284
강서구,128.9178391,35.09119738
강서구,128.9178193,35.09123971
강서구,128.9177958,35.09128016
강서구,128.9177128,35.09130074
강서구,128.9176863,35.09134119
강서구,128.916132,35.09085242
강서구,128.9479794,35.15600493
강서구,128.9158575,35.08975213
사상구,128.9724007,35.1522953
사상구,128.971211,35.15270326
강서구,128.9580151,35.15520223
강서구,128.9074123,35.11767204
사상구,128.9795174,35.15127024
강서구,128.9558396,35.15744533
강서구,128.9559921,35.15778353
강서구,128.9552858,35.1578569
강서구,128.9548257,35.15759101
강서구,128.953561,35.15589517
강서구,128.9254985,35.11322108
강서구,128.9238447,35.11374544
강서구,128.9202275,35.11445922
강서구,128.919745,35.11458308
강서구,128.9171171,35.1151267
강서구,128.9197047,35.11480788
강서구,128.9193787,35.11489428
강서구,128.9177967,35.11495862
강서구,128.9150463,35.11580892
강서구,128.9077933,35.11774043
강서구,128.9070825,35.11789324
강서구,128.9479995,35.15605174
강서구,128.9535422,35.15728869
강서구,128.9535814,35.15744846
강서구,128.9474987,35.15704895
강서구,128.9483974,35.15662192
강서구,128.9476241,35.15655376
강서구,128.9482251,35.15646146
강서구,128.9482109,35.15641607
강서구,128.9481997,35.15631374
강서구,128.9482131,35.15636417
강서구,128.9483839,35.15648245
강서구,128.948414,35.15652425
강서구,128.9484242,35.15657191
강서구,128.9484876,35.15665556
강서구,128.9484981,35.15670119
사상구,128.9794439,35.15131424
강서구,128.9486894,35.15672474
강서구,128.9487065,35.15676694
강서구,128.948725,35.15681759
강서구,128.9487047,35.15687188
강서구,128.9476048,35.15651013
강서구,128.9476401,35.15659982
강서구,128.9476139,35.15665013
강서구,128.9476281,35.15669645
강서구,128.9476804,35.15673626
강서구,128.9476596,35.15678635
강서구,128.9476767,35.15683286
강서구,128.9477649,35.15687033
강서구,128.9478492,35.15690399
강서구,128.9478715,35.15695003
강서구,128.94728,35.15622135
강서구,128.9474201,35.15623134
강서구,128.9452189,35.15710674
강서구,128.8970822,35.16822301
강서구,128.8987106,35.17005886
강서구,128.8985793,35.16992122
강서구,128.899812,35.17112173
강서구,128.8979623,35.16898194
강서구,128.8968999,35.16604189
강서구,128.8967708,35.16613809
강서구,128.8967022,35.16618515
강서구,128.8966085,35.16674818
강서구,128.8966842,35.16666251
강서구,128.8968129,35.16658142
강서구,128.8968742,35.16655867
강서구,128.897009,35.16569622
강서구,128.8978558,35.16541828
강서구,128.8964551,35.16556219
강서구,128.8966017,35.16867176
강서구,128.8813616,35.1520329
강서구,128.8973086,35.16872484
강서구,128.8967335,35.16784242
강서구,128.8940891,35.16455245
강서구,128.8937722,35.16548038
강서구,128.8969293,35.16535351
강서구,128.8951976,35.1641911
강서구,128.8947594,35.16422761
강서구,128.8953508,35.16413586
강서구,128.8952185,35.16405392
강서구,128.8945587,35.16411008
강서구,128.8946565,35.16419225
강서구,128.8889734,35.16217896
강서구,128.8866172,35.16012519
강서구,128.8847088,35.15581811
강서구,128.9032773,35.08909091
강서구,128.8804404,35.15127734
강서구,128.8778493,35.14737732
강서구,128.905853,35.08917386
강서구,128.9058201,35.08910693
강서구,128.9090444,35.08915675
강서구,128.9057797,35.08896663
강서구,128.9087505,35.08893288
부산진구,129.0329666,35.14942911
강서구,128.9115471,35.08906668
강서구,128.9035974,35.08717572
강서구,128.9035887,35.08651857
강서구,128.9037802,35.08666952
강서구,128.9034131,35.08666628
강서구,128.9036044,35.08681678
강서구,128.9036062,35.08447902
강서구,128.903408,35.08432406
강서구,128.9037872,35.08432574
강서구,128.9035919,35.08379717
강서구,128.9035885,35.08417415
강서구,128.8850751,35.1132518
강서구,128.8861043,35.11421193
강서구,128.8866244,35.11467678
강서구,128.8892591,35.11711108
강서구,128.8852231,35.11324599
강서구,128.8909182,35.11873514
강서구,128.8897258,35.11756675
강서구,128.8937588,35.12153456
강서구,128.8917462,35.1195509
강서구,128.8913837,35.11919065
강서구,128.9032765,35.08897561
강서구,128.8942462,35.12199159
강서구,128.8946582,35.12244116
강서구,128.8979202,35.12542828
강서구,128.8948912,35.13516073
강서구,128.8937211,35.13549919
강서구,128.8914374,35.13614899
강서구,128.889719,35.13659244
강서구,128.8814697,35.13774943
강서구,128.8810904,35.13786164
강서구,128.8777049,35.13923422
강서구,128.9016314,35.0890345
강서구,128.9013621,35.08910357
강서구,128.9023928,35.08917282
강서구,128.9037203,35.08868875
강서구,128.903472,35.08864898
강서구,128.9032831,35.08886449
강서구,128.8966839,35.08902784
강서구,128.8860516,35.08900767
강서구,128.8834453,35.08900142
강서구,128.8729174,35.11001405
강서구,128.8858079,35.08837956
강서구,128.885656,35.08888715
강서구,128.8887768,35.08913353
강서구,128.8865067,35.08960412
강서구,128.8866415,35.09003877
강서구,128.8853039,35.08912848
강서구,128.8878649,35.10727558
강서구,128.8853877,35.11266433
강서구,128.8844542,35.11277686
강서구,128.8840321,35.11258393
강서구,128.8635553,35.13439775
강서구,128.8840576,35.11248494
강서구,128.8817315,35.11237645
강서구,128.8813072,35.11237459
강서구,128.8803268,35.11237062
강서구,128.8832461,35.11248901
강서구,128.8607592,35.13304979
강서구,128.8785707,35.08899368
강서구,128.8742441,35.08898552
강서구,128.8728972,35.11200291
부산진구,129.0330235,35.14944267
강서구,128.8725352,35.10646855
강서구,128.8646367,35.13484924
강서구,128.8706629,35.13822929
강서구,128.8704106,35.10307909
강서구,128.869112,35.10155892
강서구,128.8690853,35.10169491
강서구,128.8689622,35.10163408
강서구,128.86725,35.10059683
강서구,128.8657908,35.09909792
강서구,128.8730409,35.14017962
강서구,128.8740134,35.14096734
강서구,128.8615195,35.13309182
강서구,128.8580089,35.135433
강서구,128.8500793,35.13927403
강서구,128.8458797,35.14285382
강서구,128.8487914,35.13989595
강서구,128.845171,35.14391383
강서구,128.8445929,35.14499664
강서구,128.8405361,35.14816941
강서구,128.8391096,35.14884747
강서구,128.8374819,35.1489512
강서구,128.8345529,35.14894858
강서구,128.8317552,35.14894488
강서구,128.8160799,35.13759892
강서구,128.8184666,35.13847786
강서구,128.8173736,35.13771051
강서구,128.8180734,35.13819176
강서구,128.8308039,35.14906178
강서구,128.8134414,35.14944053
강서구,128.8102302,35.14938089
강서구,128.8606099,35.13302745
강서구,128.8609532,35.1325472
강서구,128.8607533,35.13273868
강서구,128.8608939,35.13276296
강서구,128.860708,35.1322406
강서구,128.8565385,35.12777038
강서구,128.8440981,35.11238589
강서구,128.8435231,35.11165453
강서구,128.8392981,35.10424055
강서구,128.8501456,35.12391835
강서구,128.8394634,35.1042492
강서구,128.8396496,35.10444044
강서구,128.8392879,35.10363452
강서구,128.839432,35.10285848
강서구,128.8394386,35.09928124
강서구,128.8715916,35.11246576
강서구,128.8698722,35.11239594
강서구,128.8774279,35.11236626
강서구,128.8766958,35.11233588
강서구,128.874201,35.11246774
강서구,128.8732769,35.11231351
강서구,128.8729985,35.1120301
강서구,128.8727874,35.11200919
강서구,128.8725064,35.11231122
강서구,128.86949,35.11234395
강서구,128.8526057,35.09573689
강서구,128.8573357,35.11048424
강서구,128.8558357,35.11014105
강서구,128.8553408,35.11012127
강서구,128.8368948,35.10163477
강서구,128.8466197,35.10712092
강서구,128.837751,35.10171488
강서구,128.8342891,35.09353922
강서구,128.8310863,35.09740566
강서구,128.8320617,35.09460625
강서구,128.8284504,35.09557504
강서구,128.8273991,35.0946824
강서구,128.8255226,35.10220019
강서구,128.8242226,35.10202751
강서구,128.8237772,35.10193616
강서구,128.8236923,35.10175659
강서구,128.8235176,35.10162933
강서구,128.8234343,35.10142159
강서구,128.8238145,35.10136561
강서구,128.8222977,35.09798558
강서구,128.8239756,35.09646137
강서구,128.8242161,35.09626509
강서구,128.8484282,35.08895344
강서구,128.8222524,35.09785196
강서구,128.8263306,35.09457154
강서구,128.8670106,35.08897416
강서구,128.8246908,35.09587635
강서구,128.8265532,35.09420025
강서구,128.8267942,35.09399486
강서구,128.8273948,35.09369408
강서구,128.8279606,35.09324627
강서구,128.8294286,35.09206278
강서구,128.8310784,35.09073191
강서구,128.8328636,35.08928799
강서구,128.8329964,35.08919975
강서구,128.8355364,35.08893325
강서구,128.8369894,35.08894006
강서구,128.838564,35.08894186
강서구,128.8657759,35.0948009
강서구,128.8657686,35.09567643
강서구,128.8657679,35.09625133
강서구,128.8657657,35.09727244
강서구,128.8526097,35.09465745
강서구,128.8526036,35.09664305
강서구,128.839458,35.08914424
강서구,128.8685981,35.08897602
강서구,128.8526241,35.08397617
강서구,128.8638046,35.0979851
강서구,128.8618915,35.09798318
강서구,128.8616422,35.09798234
강서구,128.8604177,35.09798476
강서구,128.8571819,35.09798089
강서구,128.8545141,35.09797301
강서구,128.8509397,35.09797059
강서구,128.8476312,35.09796579
강서구,128.8443688,35.09796282
강서구,128.8411334,35.09795636
강서구,128.834751,35.09795356
강서구,128.8336464,35.09794449
강서구,128.835729,35.09813848
강서구,128.8368748,35.09796954
강서구,128.8394427,35.09758068
강서구,128.8394467,35.09572649
강서구,128.8394465,35.09545415
강서구,128.839447,35.09523303
강서구,128.8526184,35.08960042
강서구,128.8526168,35.09050562
강서구,128.8526146,35.09175907
강서구,128.8526106,35.09279039
강서구,128.8394838,35.09213209
강서구,128.8394587,35.08935417
강서구,128.8394575,35.08990864
강서구,128.8394565,35.09030963
강서구,128.8394519,35.0931709
강서구,128.8394513,35.09330048
강서구,128.8657767,35.08956257
강서구,128.8657746,35.09130676
강서구,128.8657711,35.09300374
강서구,128.8649168,35.08897419
강서구,128.8632893,35.08897289
강서구,128.8613242,35.08897017
강서구,128.8603431,35.08896878
강서구,128.8585198,35.08896544
강서구,128.858049,35.08896536
강서구,128.856323,35.088962
강서구,128.8541357,35.08896092
강서구,128.8273147,35.05551187
강서구,128.8534561,35.08896058
강서구,128.8517965,35.08895829
강서구,128.8501581,35.08895558
강서구,128.8468396,35.0889508
강서구,128.8452063,35.08894997
강서구,128.8439758,35.08892305
강서구,128.8435236,35.08894699
강서구,128.8419015,35.08894596
강서구,128.840703,35.08894359
강서구,128.8657777,35.08658035
강서구,128.8657882,35.08427359
강서구,128.8526185,35.08832303
강서구,128.8526178,35.08692724
강서구,128.8526246,35.08565093
강서구,128.839461,35.08778722
강서구,128.8394644,35.08587984
강서구,128.8396575,35.08523998
강서구,128.8396041,35.08521094
강서구,128.8394652,35.08528631
강서구,128.839345,35.08525768
강서구,128.8392721,35.08526659
강서구,128.8393624,35.08144062
강서구,128.8395809,35.08145066
강서구,128.8394383,35.08112187
강서구,128.8395041,35.08115518
강서구,128.8297814,35.05968919
강서구,128.8299697,35.0596345
강서구,128.8271251,35.05557803
강서구,128.8261989,35.05298394
강서구,128.8239715,35.03271238
강서구,128.8234636,35.03197197
강서구,128.8233423,35.03212125
강서구,128.8214682,35.03037113
강서구,128.8214051,35.03027945
강서구,128.8205524,35.02857137
강서구,128.8205288,35.02883862
사하구,128.9772335,35.07058234
사하구,128.9768333,35.07168333
사하구,128.9766874,35.07205938
사하구,128.9764857,35.07261972
강서구,128.9031657,35.08903457
강서구,128.9040149,35.08903514
강서구,128.9038292,35.08900661
사상구,128.9887146,35.14960147
강서구,128.9143378,35.09011611
강서구,128.9141373,35.09026623
강서구,128.8984137,35.08902837
강서구,128.8996256,35.08882571
강서구,128.8992843,35.08882996
강서구,128.884012,35.08886432
강서구,128.8864556,35.09022281
강서구,128.8355665,35.08909334
강서구,128.8342893,35.08906939
강서구,128.8343051,35.09332716
강서구,128.8280392,35.09340637
강서구,128.8295423,35.09220047
강서구,128.8276002,35.0950481
강서구,128.9303729,35.10828828
강서구,128.9286233,35.11239977
강서구,128.8830031,35.11237774
남구,129.067984,35.13747932
강서구,128.9283386,35.11258794
강서구,128.923217,35.11370363
강서구,128.918767,35.11483659
강서구,128.9156201,35.11552692
강서구,128.9159049,35.11572369
강서구,128.9156142,35.11565981
강서구,128.9150652,35.1156642
강서구,128.9153116,35.11587065
강서구,128.9146856,35.11590487
강서구,128.9145126,35.11608976
강서구,128.9126932,35.11628858
강서구,128.9132092,35.11616268
강서구,128.9139733,35.11622295
강서구,128.9079466,35.11779953
강서구,128.9081137,35.11748446
강서구,128.9083991,35.11754527
강서구,128.9087388,35.11733095
강서구,128.908513,35.11766019
강서구,128.8874694,35.10274254
강서구,128.8855346,35.11242059
강서구,128.8796943,35.13828056
강서구,128.839605,35.10239036
강서구,128.8340609,35.10164676
강서구,128.8445633,35.10614493
강서구,128.9535394,35.15112655
강서구,128.9604565,35.18910321
강서구,128.9490485,35.15613254
강서구,128.8862975,35.15957759
수영구,129.1183445,35.13686619
해운대구,129.13486,35.15996629
부산진구,129.0576854,35.15070741
부산진구,129.0577144,35.15077729
해운대구,129.1186317,35.21496151
사상구,128.9891415,35.14954945
사상구,129.0042622,35.15263744
부산진구,129.0315112,35.15900092
부산진구,129.0397043,35.16147285
부산진구,129.0324364,35.15430733
부산진구,129.0498264,35.16270059
부산진구,129.0499776,35.16260569
부산진구,129.0501152,35.16001664
부산진구,129.051174,35.15566593
부산진구,129.0656504,35.14909307
남구,129.0668854,35.14342896
남구,129.0668916,35.14302621
남구,129.0667516,35.14337013
남구,129.0667569,35.14304769
부산진구,129.0321632,35.15440966
남구,129.0665928,35.14429684
남구,129.0690695,35.13703528
남구,129.0676733,35.13611577
남구,129.067711,35.13567129
부산진구,129.0638669,35.15030398
부산진구,129.0637076,35.15036924
부산진구,129.0629351,35.15045362
남구,129.1033684,35.14149533
남구,129.1035896,35.14148429
부산진구,129.026955,35.16897224
동구,129.0597089,35.12918554
동구,129.0555509,35.12719185
동구,129.0552705,35.1265711
강서구,128.9740476,35.21078801
북구,129.0101323,35.23516206
부산진구,129.0506899,35.16864495
부산진구,129.0505298,35.16810627
부산진구,129.0504646,35.16776676
부산진구,129.0530986,35.16999825
부산진구,129.0505372,35.16634
부산진구,129.0508143,35.16830292
부산진구,129.0507467,35.1682538
부산진구,129.0501499,35.16470767
부산진구,129.0503072,35.16467539
부산진구,129.0502878,35.16809562
강서구,128.9744083,35.2043494
북구,129.0111689,35.23491776
부산진구,129.0330769,35.14947679
북구,129.0095263,35.23503365
북구,129.0100439,35.23512373
북구,129.010622,35.23509377
북구,129.0106128,35.23495184
북구,129.0106055,35.2349112
북구,129.0090375,35.23529472
북구,129.0090608,35.23519751
북구,129.009125,35.23507026
북구,129.0085379,35.23512217
북구,129.0086073,35.23534912
북구,129.0085308,35.23523472
강서구,128.9743391,35.21242635
사상구,129.001531,35.18581386
강서구,128.9743693,35.21198179
강서구,128.9743424,35.21423391
강서구,128.9743144,35.21438622
강서구,128.9740489,35.21309246
강서구,128.9740322,35.21207106
강서구,128.97408,35.21026986
강서구,128.9740955,35.20981713
강서구,128.9742129,35.21102839
강서구,128.9742066,35.21136815
강서구,128.9743054,35.20784809
강서구,128.9741551,35.20783893
강서구,128.9743176,35.20745589
강서구,128.9741695,35.20736082
강서구,128.974394,35.20483143
강서구,128.9743269,35.20455653
강서구,128.9832458,35.21081285
사상구,128.9912113,35.1862232
사상구,128.9937689,35.18611184
사상구,129.0005856,35.18555149
사상구,128.9911272,35.18605626
사상구,128.9915905,35.18601464
사상구,129.0043979,35.18518645
사상구,129.0010367,35.18575299
사상구,129.0010222,35.1858011
사상구,129.0010206,35.18584736
사상구,129.0008894,35.18588702
사상구,129.0007166,35.18591031
사상구,129.0009922,35.18598761
사상구,129.0010933,35.18603822
사상구,129.0010977,35.18608456
사상구,129.0010972,35.18613139
사상구,129.0018815,35.18600728
사상구,129.0015572,35.18614647
사상구,129.0015755,35.1861007
사상구,129.0015727,35.18605319
사상구,129.0015165,35.1857674
사상구,129.0003766,35.1856861
사상구,129.0028111,35.18540963
부산진구,129.0290721,35.16521511
사상구,129.0029498,35.18557392
사상구,129.0030554,35.18580805
부산진구,129.0305124,35.16286049
부산진구,129.031707,35.15933028
부산진구,129.0310436,35.16129304
부산진구,129.030583,35.16302774
부산진구,129.0302577,35.16343149
부산진구,129.0330553,35.1498399
부산진구,129.0248224,35.1714326
부산진구,129.0258387,35.17041674
부산진구,129.0268494,35.16950063
부산진구,129.0255738,35.17057018
부산진구,129.0259156,35.17065325
부산진구,129.0332666,35.14988321
부산진구,129.0273519,35.16809278
부산진구,129.0302872,35.16378743
부산진구,129.0301176,35.16329051
부산진구,129.0266497,35.16953325
부산진구,129.0332114,35.14987962
부산진구,129.0269413,35.1695132
부산진구,129.0289884,35.16550738
부산진구,129.0292169,35.16533366
동래구,129.0997603,35.19738821
부산진구,129.0316818,35.15405676
부산진구,129.0320073,35.1582422
부산진구,129.0317982,35.15821708
부산진구,129.0329595,35.15133801
부산진구,129.0326128,35.15139401
부산진구,129.0326588,35.15141116
부산진구,129.0328522,35.15149335
부산진구,129.0329332,35.15076004
부산진구,129.0330846,35.14994208
부산진구,129.0337509,35.1485757
부산진구,129.0334347,35.14993386
부산진구,129.0333569,35.14996877
부산진구,129.0333201,35.14988554
부산진구,129.0328812,35.14982218
부산진구,129.0329087,35.14997191
부산진구,129.033,35.14983042
부산진구,129.0331233,35.14951132
부산진구,129.0331886,35.14947594
부산진구,129.0334886,35.14873776
사상구,128.9753938,35.1519784
사상구,128.9817415,35.15080275
사상구,128.9817236,35.15092
사상구,128.9818204,35.15052022
사상구,128.9817108,35.15063061
사상구,128.9824305,35.15079908
사상구,128.9820951,35.15056014
사상구,128.9819906,35.15050401
사상구,128.9821781,35.1508897
사상구,128.9820971,35.15098819
사상구,128.9818168,35.15096492
사상구,128.9819319,35.15101653
사상구,128.9823664,35.15057284
사상구,128.9854627,35.15015833
사상구,128.9838635,35.15055025
사상구,128.9859405,35.15007558
사상구,128.9899673,35.14952618
사상구,128.9896524,35.14952381
사상구,128.9890126,35.14941468
사상구,128.9891935,35.14922563
사상구,128.989503,35.14924896
사상구,128.9896819,35.14935021
사상구,128.9893508,35.14982082
사상구,128.99503,35.14974257
사상구,128.9951491,35.14975779
사상구,128.9949987,35.14995107
사상구,128.9951265,35.14996378
사상구,128.9961044,35.14993284
사상구,128.9960952,35.15002384
사상구,128.9973695,35.15012601
사상구,128.9972443,35.15010886
사상구,128.9996735,35.15038047
사상구,128.9997744,35.15021957
사상구,129.0000798,35.15039204
동래구,129.0997924,35.19750111
사상구,129.0000798,35.1504264
사상구,129.0002764,35.15054867
사상구,128.9999813,35.15057686
사상구,129.0004483,35.1504232
사상구,128.9998737,35.15007654
사상구,128.983868,35.15033544
사상구,128.9824155,35.15060244
사상구,128.9795357,35.15109051
사상구,128.9753477,35.15181845
남구,129.1107926,35.13608601
남구,129.1069517,35.13875785
남구,129.106854,35.13864943
남구,129.1065677,35.13895636
사상구,129.0028735,35.150845
남구,129.1057945,35.13952394
남구,129.1047378,35.14039565
남구,129.104842,35.14005795
남구,129.1038557,35.14119395
남구,129.0987833,35.14488929
남구,129.0978866,35.14535249
남구,129.0987175,35.14510466
남구,129.1005011,35.14425316
남구,129.1031465,35.14208526
남구,129.0975427,35.14538769
남구,129.0971065,35.14586993
남구,129.0973139,35.14555846
남구,129.0968466,35.14582457
남구,129.0963754,35.14463082
사상구,129.0031048,35.15179159
사상구,129.0029997,35.1507333
사상구,129.003248,35.15252896
사상구,129.0032589,35.15290424
사상구,129.002688,35.1530266
사상구,129.0019701,35.15264529
사상구,129.0036632,35.15269473
사상구,129.0037802,35.15268696
사상구,129.0064453,35.15249079
사상구,129.0107083,35.15274903
사상구,129.0109379,35.15275608
사상구,129.011633,35.15277605
사상구,129.0114234,35.15277018
사상구,129.0136004,35.15301361
사상구,129.0139647,35.15312277
사상구,129.0142866,35.15322407
사상구,129.0146475,35.15334357
부산진구,129.0224504,35.15550582
부산진구,129.0221748,35.15541842
남구,129.067664,35.13679104
부산진구,129.0217402,35.15524273
부산진구,129.022705,35.15572192
부산진구,129.020811,35.153477
부산진구,129.0218425,35.15514762
부산진구,129.0248958,35.15723275
부산진구,129.0252587,35.15742906
부산진구,129.0250443,35.15731688
부산진구,129.0270457,35.15795096
부산진구,129.0273524,35.15802316
부산진구,129.031188,35.15892483
부산진구,129.0313259,35.15895529
부산진구,129.0322045,35.15917678
부산진구,129.0320329,35.15913558
부산진구,129.0399008,35.16151677
부산진구,129.043006,35.16221953
부산진구,129.04024,35.16159558
부산진구,129.043221,35.16227928
부산진구,129.0434149,35.16247162
부산진구,129.0440397,35.16263362
부산진구,129.0444506,35.16273343
부산진구,129.0442716,35.16269516
부산진구,129.0447743,35.16281343
부산진구,129.0452773,35.16285358
부산진구,129.0488546,35.16223554
부산진구,129.0475786,35.16231139
부산진구,129.0497008,35.1624172
부산진구,129.0495629,35.16168938
부산진구,129.0491827,35.16203484
부산진구,129.0495613,35.16113268
부산진구,129.0487846,35.16237796
부산진구,129.0497362,35.16269205
부산진구,129.0502811,35.16296518
부산진구,129.0501048,35.1621656
부산진구,129.0500636,35.1617625
남구,129.0675634,35.13689263
부산진구,129.0501505,35.15983134
남구,129.0672555,35.13997266
부산진구,129.0516209,35.15499498
부산진구,129.0545313,35.15222653
부산진구,129.0548354,35.15194678
부산진구,129.0550953,35.1517306
부산진구,129.0576281,35.1504328
부산진구,129.0579529,35.15051115
부산진구,129.0568509,35.1505165
부산진구,129.0552043,35.15186732
부산진구,129.0557439,35.15140395
부산진구,129.0507367,35.15797935
부산진구,129.0504102,35.15774357
남구,129.0939047,35.14856119
남구,129.0938588,35.14824414
남구,129.0933534,35.14859585
부산진구,129.0643675,35.14997676
남구,129.0923841,35.14927855
남구,129.0920765,35.14912695
남구,129.0669177,35.14078674
남구,129.0669747,35.14075277
금정구,129.0927524,35.26825886
남구,129.0671543,35.1403072
남구,129.0922805,35.14871355
부산진구,129.0629559,35.15055401
부산진구,129.0642916,35.15003713
부산진구,129.0632564,35.15032466
부산진구,129.0651241,35.14994004
부산진구,129.0684097,35.15052252
부산진구,129.0686526,35.15038598
부산진구,129.0683313,35.15036682
부산진구,129.066105,35.1495579
부산진구,129.0684595,35.15007391
부산진구,129.0679145,35.15009076
부산진구,129.068412,35.15020757
부산진구,129.0679469,35.15019809
부산진구,129.0621866,35.15036695
남구,129.0667719,35.14244463
남구,129.066728,35.14514384
남구,129.0667299,35.14478509
부산진구,129.0658271,35.14917797
남구,129.0668675,35.14458876
남구,129.0668246,35.13979641
남구,129.0669339,35.14264497
남구,129.0668168,35.14079417
해운대구,129.1157754,35.19427893
해운대구,129.1160703,35.19414964
해운대구,129.1161146,35.19453653
동래구,129.115036,35.19578826
동래구,129.1150716,35.19566046
동래구,129.1125455,35.19774617
동래구,129.1136086,35.19712146
동래구,129.1135257,35.19449257
동래구,129.1148594,35.18766692
동래구,129.1153402,35.18662935
연제구,129.114287,35.180602
수영구,129.1048049,35.1620086
수영구,129.104598,35.16055667
남구,129.068633,35.13676028
남구,129.0724356,35.13691272
남구,129.0713601,35.1367348
남구,129.068553,35.13727746
남구,129.0670681,35.13949677
남구,129.067658,35.1385874
남구,129.0675761,35.13830547
남구,129.0675459,35.13734029
동구,129.0570149,35.12861916
남구,129.0682703,35.13732813
남구,129.0691194,35.13682329
남구,129.0718473,35.1367388
남구,129.072185,35.1365764
동구,129.0550314,35.13105559
남구,129.0675839,35.1364626
남구,129.0681519,35.13660489
남구,129.0672829,35.13526286
남구,129.0679906,35.13654074
남구,129.067451,35.13518254
남구,129.0669996,35.13468772
남구,129.0672398,35.13473065
남구,129.0670408,35.13431085
남구,129.0668496,35.1341611
남구,129.0667511,35.13403454
동구,129.0668705,35.13149404
동구,129.0667744,35.13234151
동구,129.0600438,35.12982195
동구,129.058373,35.12977369
동구,129.0543797,35.13070189
동구,129.0546682,35.12782995
동구,129.0565972,35.12793194
동구,129.0577434,35.12893456
동구,129.0547529,35.12609685
동구,129.053857,35.12613082
동구,129.0477068,35.12217866
동구,129.054949,35.12695997
동구,129.0546858,35.12669226
사상구,128.975428,35.15204446
동구,129.0534657,35.12615023
동구,129.0662219,35.12997499
동구,129.0599492,35.13019374
동구,129.0600681,35.13011958
남구,129.0754435,35.11601837
남구,129.0751213,35.11591928
부산진구,129.0424629,35.16221623
남구,129.0747181,35.11391563
남구,129.0745492,35.11449168
남구,129.0799424,35.1192294
남구,129.0793013,35.12013456
남구,129.0795014,35.11916764
남구,129.0792049,35.12004957
남구,129.0691177,35.13676241
남구,129.0690687,35.13708734
동구,129.0637086,35.12997662
동구,129.0629912,35.12994913
동구,129.0636036,35.13007244
동구,129.0634085,35.13017404
동구,129.0628394,35.13009811
동구,129.055468,35.12703021
동구,129.0564417,35.12781401
동구,129.0552884,35.12664337
동구,129.0507994,35.12549124
동구,129.0557263,35.13061149
동구,129.0588099,35.12987874
동구,129.0664198,35.13041976
남구,129.0679411,35.12459745
남구,129.0686806,35.12425963
동구,129.0650731,35.12948367
남구,129.0663068,35.12793686
남구,129.0678788,35.12481115
남구,129.0668579,35.14367082
남구,129.0666471,35.14351536
부산진구,129.0647472,35.15003739
부산진구,129.0585239,35.15055277
부산진구,129.0594403,35.15052691
부산진구,129.0599248,35.15036378
부산진구,129.0476399,35.16249361
부산진구,129.0476727,35.16254093
부산진구,129.047576,35.16226678
부산진구,129.0439035,35.16237783
부산진구,129.0433065,35.16240489
사상구,128.9822874,35.1507941
사상구,128.9962807,35.15002715
사상구,128.9923304,35.14960454
사상구,128.9923382,35.14955463
사상구,128.9966608,35.14988803
사상구,128.9978574,35.14996847
사상구,129.006283,35.15229723
사상구,129.009713,35.15281058
사상구,129.010982,35.15266571
사상구,129.0102237,35.15265973
부산진구,129.0280389,35.15811316
해운대구,129.1224457,35.17576483
부산진구,129.0279002,35.15823176
사상구,128.9795238,35.15103689
사상구,128.9731594,35.15230287
사상구,128.9731629,35.15247713
강서구,128.9741882,35.21192325
동구,129.0614204,35.12926909
강서구,128.9835687,35.21079937
남구,129.1092864,35.1371526
남구,129.1092195,35.13714188
남구,129.0747189,35.1144643
남구,129.0796404,35.1195831
남구,129.079581,35.11909344
남구,129.0749834,35.11600831
남구,129.0784935,35.12089969
남구,129.0781976,35.12146418
남구,129.0782116,35.12122828
동구,129.061437,35.12934885
동구,129.0503786,35.12551237
동구,129.0547016,35.12835239
동구,129.0545189,35.1283203
동구,129.0513693,35.12580705
동구,129.065626,35.13020678
남구,129.0977166,35.14561864
남구,129.0669447,35.13173847
동구,129.0530203,35.13318979
동구,129.0530972,35.13231928
동구,129.054201,35.13100611
동구,129.0430206,35.1136418
동구,129.0531108,35.13320463
남구,129.0863833,35.14232526
해운대구,129.1710061,35.16249622
동구,129.0544152,35.13092815
동구,129.0544383,35.13108903
동구,129.0519741,35.13209053
동구,129.0519684,35.13201264
동구,129.0548725,35.13105359
동구,129.0518194,35.1333022
동구,129.0515979,35.13303175
남구,129.0716953,35.13679124
남구,129.0717327,35.13697818
남구,129.0677718,35.13863482
남구,129.0682999,35.13651155
남구,129.0684431,35.13691929
남구,129.0684233,35.13665152
남구,129.0846505,35.14165298
남구,129.066423,35.14488947
동래구,129.0941764,35.19909934
남구,129.0944074,35.14679798
동래구,129.0941041,35.19899772
남구,129.0942906,35.1472608
남구,129.0664219,35.14508639
중구,129.0358684,35.11203957
동래구,129.1138757,35.19730608
동래구,129.1141898,35.19878506
부산진구,129.0503527,35.16233894
부산진구,129.022061,35.15514695
부산진구,129.0497736,35.16170778
사상구,128.992347,35.14977059
사상구,128.9923299,35.14980917
사상구,128.9752998,35.15175241
해운대구,129.1187932,35.21876578
해운대구,129.118837,35.21879544
해운대구,129.1635893,35.16082773
해운대구,129.1309529,35.1731697
연제구,129.0790466,35.19325831
중구,129.0344251,35.11194763
중구,129.0326523,35.11274045
중구,129.0334269,35.11243664
중구,129.0340684,35.11238179
동구,129.042812,35.11358636
동구,129.0470606,35.12032636
중구,129.0359189,35.11217685
동구,129.0463425,35.11937009
동구,129.0468989,35.1199545
동구,129.0460656,35.11827783
동구,129.0457552,35.11813503
동구,129.0456321,35.11792366
동구,129.0456587,35.11761695
동구,129.0447387,35.11645023
동구,129.0434255,35.11515516
동구,129.0445457,35.11661153
동구,129.0444961,35.11629177
동구,129.0442554,35.11627995
동구,129.0441777,35.1165025
중구,129.0322794,35.11275608
동래구,129.0779855,35.20401934
동래구,129.0779697,35.20390316
동래구,129.0780096,35.2022595
동래구,129.0779213,35.20222961
동래구,129.0780894,35.20220949
해운대구,129.1170687,35.17936491
연제구,129.0799597,35.19601658
부산진구,129.0554867,35.14939734
연제구,129.0799041,35.19616851
연제구,129.0795162,35.19408673
금정구,129.0889543,35.22548579
금정구,129.0889525,35.22575397
금정구,129.0883581,35.22493873
해운대구,129.1335138,35.16319702
수영구,129.1188205,35.17500625
동래구,129.1147353,35.18302026
동래구,129.1133525,35.18458629
금정구,129.1085768,35.21420378
동래구,129.1035078,35.20958934
동래구,129.1013823,35.20465331
동래구,129.101294,35.20445456
동래구,129.0986587,35.20161042
동래구,129.0976598,35.19798431
동래구,129.0974167,35.19807156
동래구,129.0962657,35.19786454
동래구,129.0949864,35.19676402
동래구,129.0942681,35.19614762
동래구,129.0934412,35.19588973
연제구,129.0896776,35.19220911
연제구,129.0897617,35.19217956
연제구,129.0891743,35.19193019
해운대구,129.181298,35.17883878
연제구,129.0894679,35.19174291
연제구,129.0892475,35.19178503
연제구,129.0892335,35.1918593
연제구,129.0894835,35.19182539
연제구,129.0896408,35.19195707
연제구,129.1070505,35.18798752
연제구,129.1072493,35.18777489
연제구,129.1112702,35.18735432
동래구,129.1130451,35.18516452
동래구,129.1146431,35.18334458
동래구,129.1147278,35.18322833
동래구,129.114061,35.18388618
연제구,129.1153181,35.18221771
연제구,129.1154004,35.1820956
수영구,129.1155685,35.18183144
수영구,129.1157226,35.1815899
수영구,129.1157865,35.18148558
수영구,129.1160097,35.18111963
수영구,129.1165743,35.17998084
수영구,129.1162167,35.18077877
수영구,129.1167143,35.17996046
수영구,129.1168363,35.17975909
해운대구,129.1177548,35.17741229
해운대구,129.1170058,35.1794746
수영구,129.1178832,35.17693299
수영구,129.1179381,35.17674588
수영구,129.1180341,35.17646518
수영구,129.1181186,35.17624748
수영구,129.1183063,35.175798
해운대구,129.120308,35.17323304
수영구,129.1215063,35.17165968
수영구,129.1227044,35.16967902
수영구,129.1248084,35.16600654
해운대구,129.1251347,35.1658502
해운대구,129.1247453,35.1662898
해운대구,129.1231201,35.16898829
해운대구,129.1254545,35.16556068
해운대구,129.1256943,35.16552731
해운대구,129.1255623,35.16575531
해운대구,129.1275876,35.17526087
해운대구,129.1276889,35.17737725
해운대구,129.1304752,35.1760933
해운대구,129.1411438,35.16150877
해운대구,129.1320909,35.17322467
해운대구,129.130821,35.17112929
해운대구,129.1310671,35.17083606
해운대구,129.1311687,35.1705098
해운대구,129.131495,35.17002513
해운대구,129.1210301,35.17692826
해운대구,129.131416,35.17040786
해운대구,129.131804,35.16992758
해운대구,129.1325795,35.17271397
해운대구,129.1333041,35.1720741
해운대구,129.131174,35.17217366
해운대구,129.1294774,35.17125102
해운대구,129.1520793,35.15790169
해운대구,129.1277519,35.17031104
해운대구,129.1521742,35.15792621
해운대구,129.1286464,35.1680411
해운대구,129.1287655,35.16759853
해운대구,129.1287502,35.16740744
해운대구,129.1284339,35.16654722
해운대구,129.1286283,35.16684099
해운대구,129.1292067,35.16695583
해운대구,129.1339679,35.16713427
해운대구,129.1302116,35.1679246
해운대구,129.1319363,35.16906434
해운대구,129.1294995,35.16769129
해운대구,129.129315,35.16778675
해운대구,129.1327103,35.16942923
해운대구,129.1347694,35.17075724
해운대구,129.1347782,35.17059853
해운대구,129.1350532,35.17061314
해운대구,129.1346618,35.17117333
해운대구,129.1359952,35.17070934
해운대구,129.1386601,35.16923625
해운대구,129.1209711,35.17737051
해운대구,129.1389522,35.16907271
해운대구,129.1386411,35.16840647
해운대구,129.1383982,35.16851029
해운대구,129.1384629,35.16868456
해운대구,129.1332448,35.16367903
해운대구,129.1373732,35.16803709
해운대구,129.1360775,35.16733861
해운대구,129.1355255,35.16682369
해운대구,129.1357895,35.16717199
해운대구,129.1343952,35.1662036
해운대구,129.1348567,35.166683
해운대구,129.1347763,35.16650135
해운대구,129.1311616,35.16505262
해운대구,129.1374761,35.16329082
해운대구,129.1403896,35.16234078
해운대구,129.1315566,35.16501297
해운대구,129.1322861,35.16543305
해운대구,129.1333248,35.16576681
해운대구,129.1316023,35.16482621
해운대구,129.1314373,35.16460926
해운대구,129.1330038,35.16325175
해운대구,129.1335858,35.16351689
해운대구,129.1333806,35.1632273
해운대구,129.1331601,35.16314771
해운대구,129.1334527,35.16363771
해운대구,129.132605,35.1636448
해운대구,129.134048,35.16268416
해운대구,129.1345689,35.16284091
해운대구,129.1348334,35.1628728
해운대구,129.156476,35.16229576
해운대구,129.1210836,35.17694117
해운대구,129.1414072,35.16569116
해운대구,129.1421706,35.16491024
해운대구,129.1426765,35.16426132
해운대구,129.1430912,35.16394218
해운대구,129.1438852,35.16349138
해운대구,129.1829836,35.15869739
해운대구,129.1826981,35.15823653
해운대구,129.144987,35.1629085
해운대구,129.1456131,35.162578
해운대구,129.1457795,35.16268887
해운대구,129.1462794,35.16222734
해운대구,129.1519443,35.15821489
해운대구,129.1491569,35.16039483
해운대구,129.1490416,35.16054727
해운대구,129.1481817,35.16107353
해운대구,129.1479667,35.16135857
해운대구,129.1531985,35.16069541
해운대구,129.1549733,35.16146035
해운대구,129.1428346,35.15999846
해운대구,129.150947,35.15781712
해운대구,129.1524954,35.15796796
해운대구,129.1521541,35.15820861
해운대구,129.1523027,35.15813958
해운대구,129.1535749,35.15824699
해운대구,129.1559394,35.15851033
해운대구,129.1569164,35.15869885
해운대구,129.1590894,35.15930881
해운대구,129.1572849,35.16274225
해운대구,129.1604025,35.16434313
해운대구,129.161604,35.16501821
해운대구,129.1225306,35.17563553
해운대구,129.1633078,35.16596229
해운대구,129.1631943,35.16616256
해운대구,129.1632399,35.16605846
해운대구,129.1722395,35.18185831
해운대구,129.1731751,35.18191583
해운대구,129.1669736,35.17924435
해운대구,129.1702932,35.18100402
해운대구,129.1186317,35.21496151
해운대구,129.1680058,35.18020673
해운대구,129.1808751,35.1788885
해운대구,129.1667468,35.17937865
해운대구,129.1773287,35.18080946
해운대구,129.1790241,35.18031171
해운대구,129.177714,35.18092748
해운대구,129.1701673,35.18119811
해운대구,129.1720831,35.16106696
해운대구,129.1713078,35.16188597
해운대구,129.1622728,35.15995906
해운대구,129.1656715,35.16258719
해운대구,129.1710175,35.16561174
해운대구,129.1708666,35.16567604
해운대구,129.1657438,35.16247633
해운대구,129.1745334,35.16840786
해운대구,129.1769025,35.16989892
해운대구,129.1754504,35.16995076
해운대구,129.1799022,35.17130583
해운대구,129.1799052,35.17129842
해운대구,129.1712809,35.17561262
해운대구,129.1714346,35.17540804
해운대구,129.1864735,35.17685695
해운대구,129.16814,35.16655634
해운대구,129.1833051,35.17338183
해운대구,129.1676239,35.16663979
해운대구,129.1824381,35.17698221
해운대구,129.1829311,35.17630732
해운대구,129.1830208,35.17640705
해운대구,129.1833766,35.17633172
해운대구,129.186424,35.1770195
해운대구,129.1680102,35.16644196
해운대구,129.117948,35.21676752
해운대구,129.1840132,35.17637546
해운대구,129.1777459,35.17361778
해운대구,129.1779479,35.17371122
해운대구,129.177045,35.173295
해운대구,129.1210673,35.17740375
해운대구,129.1769262,35.17323958
해운대구,129.1762439,35.17292516
해운대구,129.176103,35.17286093
해운대구,129.1690446,35.16760821
해운대구,129.1681602,35.16686949
해운대구,129.1684614,35.16657357
해운대구,129.1682882,35.16631595
해운대구,129.1682276,35.16611521
해운대구,129.1675648,35.16651418
해운대구,129.1674722,35.1667327
해운대구,129.1677111,35.16654298
해운대구,129.168399,35.16696802
해운대구,129.1684845,35.16678881
해운대구,129.1681956,35.16678876
해운대구,129.1710738,35.16934718
해운대구,129.1696767,35.16812607
해운대구,129.1713172,35.16954616
해운대구,129.1727004,35.17070818
해운대구,129.1723818,35.17044338
해운대구,129.1738502,35.17169245
해운대구,129.1739539,35.1717794
해운대구,129.1210257,35.17738448
해운대구,129.1754081,35.17255241
해운대구,129.1756937,35.17267591
해운대구,129.1738111,35.17182515
해운대구,129.1744226,35.17210045
해운대구,129.1742701,35.17203062
해운대구,129.1180688,35.2167955
해운대구,129.1185149,35.2146689
동래구,129.1159859,35.18437122
해운대구,129.1231919,35.18158267
해운대구,129.1200223,35.17429721
해운대구,129.122638,35.17466967
해운대구,129.1174002,35.18661898
해운대구,129.1175729,35.18644732
해운대구,129.117379,35.18644586
해운대구,129.1267096,35.17808188
해운대구,129.1221214,35.18313378
해운대구,129.1222457,35.18318022
해운대구,129.1220931,35.18322712
해운대구,129.1213885,35.18389809
동래구,129.1154336,35.19760436
해운대구,129.1159883,35.19055831
해운대구,129.1157649,35.1904871
해운대구,129.1168986,35.18777597
동래구,129.1153738,35.19800189
해운대구,129.1211871,35.17697133
해운대구,129.120352,35.20558968
동래구,129.11638,35.19970186
해운대구,129.119535,35.20446614
해운대구,129.129621,35.17262549
해운대구,129.1257255,35.17495246
해운대구,129.1257968,35.17499867
해운대구,129.1223421,35.17472882
해운대구,129.1233594,35.17438804
해운대구,129.1226934,35.1750495
해운대구,129.1198901,35.17423052
해운대구,129.1258781,35.17503595
해운대구,129.1266814,35.1779777
해운대구,129.1211345,35.17695609
해운대구,129.1212324,35.17698917
해운대구,129.1238168,35.1764336
해운대구,129.1238301,35.17633212
해운대구,129.1232627,35.17805363
해운대구,129.1234475,35.17809479
해운대구,129.1233167,35.1781256
해운대구,129.1216019,35.17527558
해운대구,129.1208692,35.17867219
해운대구,129.1214605,35.17725688
해운대구,129.1209473,35.17685324
해운대구,129.1209184,35.1773621
해운대구,129.1208697,35.17734298
해운대구,129.1246361,35.17640278
해운대구,129.1212607,35.1809372
해운대구,129.124341,35.17689146
해운대구,129.1206399,35.1777333
해운대구,129.1203365,35.17850716
해운대구,129.1201264,35.17945714
해운대구,129.1201757,35.17947014
해운대구,129.1202267,35.17948749
해운대구,129.1202797,35.17950371
해운대구,129.1203277,35.17952289
해운대구,129.1203197,35.17897576
해운대구,129.1203723,35.17897538
해운대구,129.1204241,35.17898997
해운대구,129.1204748,35.17900491
해운대구,129.1205228,35.17903326
해운대구,129.1205554,35.17939129
해운대구,129.1214662,35.18061528
해운대구,129.1201119,35.18021795
해운대구,129.1527731,35.23183816
해운대구,129.1224794,35.18249135
동래구,129.0841929,35.20182771
해운대구,129.1162262,35.19007057
동래구,129.1161773,35.19887725
동래구,129.1162406,35.19903273
해운대구,129.1482709,35.22975843
해운대구,129.1484947,35.22982698
해운대구,129.1486114,35.22986655
해운대구,129.1491808,35.23003254
해운대구,129.1495794,35.23014702
해운대구,129.1499456,35.23027107
해운대구,129.1502869,35.23039826
해운대구,129.1516892,35.23120171
해운대구,129.1501794,35.23017139
해운대구,129.1498494,35.23006272
해운대구,129.1517655,35.23124319
해운대구,129.1529813,35.23195363
해운대구,129.1544768,35.23282953
해운대구,129.1547378,35.23297529
해운대구,129.1583785,35.23566557
해운대구,129.1586668,35.23573145
해운대구,129.159507,35.23586622
기장군,129.1689979,35.23625195
기장군,129.1697453,35.23631828
기장군,129.1707215,35.23674507
기장군,129.168766,35.23619515
기장군,129.1722716,35.23744982
기장군,129.1738231,35.23814191
기장군,129.1738589,35.23822468
금정구,129.0932005,35.24671454
금정구,129.0930662,35.2469227
금정구,129.0939357,35.2467672
금정구,129.1048023,35.24875636
금정구,129.1044505,35.24859927
금정구,129.1175644,35.22764999
금정구,129.1162661,35.23221767
금정구,129.1177893,35.22772957
금정구,129.1109879,35.23876002
해운대구,129.1175899,35.22211566
해운대구,129.1177748,35.22214084
기장군,129.2401979,35.31818041
금정구,129.0889204,35.22554594
기장군,129.2404297,35.31864805
해운대구,129.1201544,35.21512062
해운대구,129.1201881,35.21525874
해운대구,129.1200416,35.21517551
해운대구,129.1248517,35.21709545
해운대구,129.1206955,35.21815308
해운대구,129.1206309,35.21816139
해운대구,129.121181,35.21211398
해운대구,129.1284933,35.22009533
해운대구,129.1284649,35.21991174
해운대구,129.1279598,35.22001508
해운대구,129.127619,35.21996975
해운대구,129.127626,35.21987377
해운대구,129.1434624,35.22122466
해운대구,129.1453116,35.22272569
기장군,129.1799957,35.24643609
기장군,129.1854125,35.24828852
해운대구,129.1420888,35.21993402
해운대구,129.1426318,35.22053028
해운대구,129.1439603,35.22161873
기장군,129.176873,35.24290924
기장군,129.1799359,35.2465066
기장군,129.1799075,35.24656831
기장군,129.179771,35.246398
기장군,129.1795481,35.24625994
기장군,129.1797046,35.24651069
기장군,129.1924857,35.25304855
기장군,129.1930384,35.25321767
기장군,129.1949559,35.25378488
기장군,129.1957996,35.2539168
기장군,129.1967068,35.25398589
기장군,129.2045339,35.25307763
기장군,129.2037436,35.25318016
기장군,129.2214426,35.23052132
기장군,129.2223792,35.22918272
기장군,129.2211062,35.23100727
기장군,129.2196726,35.23309316
기장군,129.2194454,35.2334254
기장군,129.2189355,35.23421728
기장군,129.213073,35.24860104
기장군,129.2092929,35.24934006
기장군,129.2091443,35.24961914
기장군,129.2137701,35.24871519
기장군,129.2137146,35.24877383
기장군,129.2090472,35.24963964
기장군,129.2089943,35.24964131
기장군,129.208996,35.24972622
기장군,129.23155,35.27511322
기장군,129.257489,35.30209542
기장군,129.2087812,35.25001574
기장군,129.2171381,35.25086341
기장군,129.2172081,35.25093637
기장군,129.217017,35.25085413
기장군,129.2169339,35.2508998
기장군,129.2170265,35.25091527
기장군,129.2189851,35.25125846
기장군,129.2139128,35.24908556
기장군,129.2140108,35.24914859
기장군,129.2139289,35.24919372
기장군,129.2205024,35.25135187
기장군,129.2212102,35.25157859
기장군,129.2231255,35.25496618
기장군,129.2230593,35.25479308
기장군,129.2415994,35.25763799
기장군,129.2334714,35.26588252
기장군,129.2339592,35.26756567
기장군,129.2337435,35.26687072
기장군,129.2338607,35.26749203
기장군,129.3027222,35.34043273
기장군,129.2594934,35.29388569
기장군,129.2594857,35.29404983
기장군,129.2575036,35.3019819
기장군,129.2846857,35.32994497
기장군,129.2931737,35.33566309
기장군,129.292895,35.33536978
금정구,129.1077498,35.30748705
기장군,129.2926906,35.33522219
기장군,129.2926309,35.33525942
기장군,129.2923126,35.33498655
기장군,129.2884379,35.33123864
기장군,129.3022396,35.34016011
기장군,129.3028775,35.34041007
기장군,129.3028078,35.34048967
기장군,129.3030077,35.340621
기장군,129.3029862,35.34049279
기장군,129.3029049,35.34057033
기장군,129.3028981,35.34071928
기장군,129.3027398,35.34073625
기장군,129.3028246,35.34065545
기장군,129.302719,35.34057633
기장군,129.3026413,35.34052277
기장군,129.3026365,35.34063935
기장군,129.2849691,35.33012558
부산진구,129.0555492,35.14948255
기장군,129.2850922,35.3300461
기장군,129.2850727,35.32978351
기장군,129.2848983,35.32960234
기장군,129.2619916,35.32681558
기장군,129.2848502,35.32973429
기장군,129.28424,35.32997068
기장군,129.282624,35.32968908
기장군,129.2691181,35.32237166
기장군,129.2789266,35.32758847
기장군,129.2720753,35.32369559
기장군,129.2606436,35.31700687
기장군,129.2401702,35.31849168
기장군,129.2586848,35.33165099
기장군,129.2584812,35.3331058
기장군,129.2584997,35.33921517
기장군,129.233289,35.26957904
기장군,129.2633861,35.32504967
기장군,129.2623627,35.32634766
기장군,129.261098,35.32794125
기장군,129.2614798,35.32746293
기장군,129.2605942,35.32858276
기장군,129.2584943,35.33266389
기장군,129.2584897,35.33610259
기장군,129.2584918,35.33660414
기장군,129.2584959,35.33862862
기장군,129.2622534,35.33980691
기장군,129.230972,35.27257563
기장군,129.2595126,35.34091963
기장군,129.2591682,35.34078456
기장군,129.2591833,35.34125163
기장군,129.2564342,35.34697365
기장군,129.2619002,35.37453613
기장군,129.2564477,35.34855093
기장군,129.2563588,35.34856428
기장군,129.2564401,35.34864402
기장군,129.2566851,35.3486124
기장군,129.2568061,35.34849143
기장군,129.2566785,35.34851955
기장군,129.2565562,35.35007591
기장군,129.2308148,35.27611626
기장군,129.2315909,35.27786512
기장군,129.2319035,35.27815198
기장군,129.2317126,35.27796407
기장군,129.2240491,35.25626101
기장군,129.2302386,35.27300214
기장군,129.2302467,35.27259252
기장군,129.2302422,35.27534247
기장군,129.231134,35.27496503
기장군,129.2298382,35.27088589
기장군,129.2304096,35.27125664
기장군,129.2302949,35.27125587
기장군,129.2301405,35.2713622
기장군,129.2301044,35.27152371
기장군,129.2323732,35.27796556
기장군,129.2325531,35.27790599
기장군,129.2326373,35.27910743
기장군,129.2340024,35.28719903
기장군,129.2352896,35.29084111
기장군,129.2328993,35.28165411
기장군,129.2366473,35.29471628
기장군,129.237142,35.2964297
기장군,129.2370679,35.29593749
기장군,129.2404553,35.30574393
기장군,129.240548,35.30603305
기장군,129.2405813,35.30620635
기장군,129.2405919,35.30845574
기장군,129.2403858,35.30930493
기장군,129.2399616,35.31863267
기장군,129.2465433,35.32748692
기장군,129.2447128,35.32904972
기장군,129.2603659,35.36708003
기장군,129.2447771,35.32915228
기장군,129.2422518,35.32203988
동구,129.0597407,35.13437261
기장군,129.2393866,35.31676654
기장군,129.2396809,35.31664384
기장군,129.2394635,35.31632514
기장군,129.2392509,35.31628305
기장군,129.2413758,35.32085813
기장군,129.2459278,35.32803242
기장군,129.2495208,35.34080594
기장군,129.2432483,35.32415397
기장군,129.2451805,35.32715102
기장군,129.2451735,35.32678818
기장군,129.2412041,35.31992054
기장군,129.2413166,35.3203316
해운대구,129.1951275,35.17883775
기장군,129.241103,35.32028454
기장군,129.2421116,35.32194375
기장군,129.2419302,35.32182028
기장군,129.246607,35.3300053
기장군,129.2505787,35.34119065
기장군,129.2562579,35.35458894
기장군,129.2611547,35.36897793
기장군,129.260074,35.36395896
동구,129.063657,35.13687425
기장군,129.2602288,35.36434296
기장군,129.2568938,35.35745913
동래구,129.0842325,35.20151535
기장군,129.2583987,35.36022157
기장군,129.2593706,35.36150933
기장군,129.253705,35.35030507
기장군,129.2538514,35.35020676
기장군,129.2554503,35.35240019
기장군,129.2552492,35.35219547
기장군,129.255131,35.35202607
기장군,129.2556154,35.3518151
기장군,129.2554461,35.35181172
기장군,129.2550368,35.35178649
기장군,129.2526604,35.34826749
기장군,129.2509559,35.34186802
기장군,129.2503559,35.34110095
기장군,129.2606944,35.37683131
기장군,129.2616137,35.37533762
기장군,129.2617481,35.3755344
동구,129.0602028,35.14119989
동구,129.063419,35.13667483
기장군,129.2559016,35.38441928
기장군,129.2554787,35.38556706
금정구,129.1105115,35.23911858
금정구,129.1111464,35.23882917
기장군,129.1874635,35.24883609
금정구,129.0952307,35.24838708
금정구,129.0953035,35.24830625
금정구,129.0990318,35.24958597
금정구,129.0947204,35.24781549
금정구,129.0948611,35.24807297
기장군,129.2216937,35.25259697
기장군,129.2214703,35.25176353
기장군,129.2206853,35.25156841
기장군,129.226298,35.25944962
기장군,129.2269506,35.26038658
기장군,129.2270075,35.26054372
기장군,129.2264431,35.26028364
기장군,129.2328103,35.28012088
기장군,129.2350356,35.2910796
기장군,129.1974247,35.25410756
남구,129.0665126,35.14146446
동구,129.0596151,35.14149482
중구,129.0379173,35.11198071
중구,129.0418693,35.11134448
중구,129.0416747,35.11106764
중구,129.0400277,35.10762094
중구,129.0392301,35.10588564
중구,129.0395041,35.10649996
중구,129.0388871,35.10519141
중구,129.0409522,35.10949459
중구,129.0401358,35.1078957
중구,129.038294,35.10527278
기장군,129.1488231,35.25894585
수영구,129.1094872,35.17141531
동래구,129.0779167,35.2105642
동래구,129.0785577,35.21213469
금정구,129.0931291,35.24392675
기장군,129.1412417,35.35843084
금정구,129.1077991,35.30737681
기장군,129.140929,35.3580532
기장군,129.1405094,35.35747301
기장군,129.1401572,35.35707981
해운대구,129.1256438,35.20475376
해운대구,129.1251536,35.18504977
해운대구,129.1251733,35.18519235
해운대구,129.1199387,35.19159869
해운대구,129.1171902,35.19359701
해운대구,129.1181423,35.19328733
해운대구,129.1174512,35.19337697
해운대구,129.1189259,35.19432718
해운대구,129.1228452,35.19817713
해운대구,129.1210147,35.19578335
해운대구,129.1255445,35.18585693
해운대구,129.1202277,35.19175892
동래구,129.0788156,35.21223301
해운대구,129.1966553,35.18002166
해운대구,129.2058974,35.19734318
기장군,129.2243193,35.20497252
기장군,129.2239948,35.2059123
기장군,129.2220436,35.21165598
기장군,129.2220241,35.21140699
기장군,129.2220457,35.21112949
기장군,129.2217933,35.21131822
기장군,129.2218932,35.21168999
동래구,129.0840668,35.20157452
기장군,129.221668,35.21159084
해운대구,129.2063053,35.19861584
기장군,129.2065636,35.20083689
기장군,129.2063719,35.20389868
기장군,129.2066167,35.20014435
기장군,129.2064456,35.20528711
연제구,129.0800855,35.19487093
해운대구,129.2059307,35.18147701
기장군,129.2098526,35.21259407
기장군,129.2114044,35.2181834
기장군,129.2122392,35.22029386
기장군,129.2130638,35.223067
기장군,129.2142693,35.22562681
기장군,129.2064698,35.20220506
동래구,129.0840101,35.20205146
기장군,129.2183336,35.23511195
기장군,129.2135009,35.24344607
기장군,129.2137701,35.24871519
기장군,129.2137146,35.24877383
기장군,129.2162977,35.23347819
기장군,129.2168826,35.23443282
기장군,129.2205469,35.24269947
기장군,129.2186065,35.21462439
기장군,129.2199794,35.19396943
기장군,129.2223497,35.21076732
동래구,129.1071449,35.19037676
해운대구,129.2059924,35.18144969
해운대구,129.2055437,35.1813577
해운대구,129.2021181,35.18607947
해운대구,129.2040507,35.19021435
기장군,129.2111093,35.21795411
기장군,129.2110601,35.21798515
기장군,129.2202181,35.24095478
기장군,129.220687,35.25073037
기장군,129.2210854,35.24652098
기장군,129.2104986,35.18412308
해운대구,129.2063442,35.18169089
해운대구,129.2067583,35.18186022
기장군,129.2097721,35.18338314
해운대구,129.2015769,35.18489696
기장군,129.2115948,35.18684494
기장군,129.2111389,35.18573644
기장군,129.2162568,35.19177745
기장군,129.2147768,35.19095231
기장군,129.2214542,35.19529969
기장군,129.222771,35.19743972
동래구,129.0787584,35.20447944
동래구,129.0786345,35.20448455
기장군,129.2232137,35.19814357
해운대구,129.1986557,35.18065074
해운대구,129.1998796,35.18207623
기장군,129.2242596,35.20113713
기장군,129.2241629,35.20011878
기장군,129.2075011,35.20690477
기장군,129.2083405,35.20721373
기장군,129.2083846,35.20768889
기장군,129.2124592,35.22205492
기장군,129.2124336,35.22186165
기장군,129.2123481,35.22169668
기장군,129.2124308,35.22175345
기장군,129.2178246,35.23571528
기장군,129.217784,35.23563943
기장군,129.2178607,35.23564803
기장군,129.2202414,35.2413527
기장군,129.2205688,35.24167394
동래구,129.0779869,35.20401947
동래구,129.0780903,35.20222139
동래구,129.0779227,35.20223727
연제구,129.0795151,35.1940911
동래구,129.096821,35.19799225
동래구,129.0788156,35.20391192
동래구,129.0837575,35.20151767
동래구,129.0835961,35.20167733
동래구,129.0837462,35.20164517
동래구,129.0841301,35.20144061
동래구,129.0839691,35.20184391
동래구,129.0834746,35.20202286
동래구,129.0835541,35.20209025
동래구,129.0836373,35.20194452
동래구,129.0967809,35.19881125
동래구,129.0967629,35.19867987
동래구,129.09652,35.19855091
동래구,129.1097043,35.19513521
동래구,129.1146287,35.19391344
동래구,129.1087887,35.19534564
연제구,129.0795387,35.19325521
연제구,129.0798003,35.19412222
연제구,129.0796221,35.19307118
연제구,129.0790816,35.19332139
연제구,129.0793171,35.19306356
연제구,129.080324,35.19553399
연제구,129.0803138,35.19593773
연제구,129.1071424,35.18606107
연제구,129.0801889,35.19614826
연제구,129.0805689,35.19595647
동래구,129.0836334,35.20252877
동구,129.0627036,35.13808773
연제구,129.1072611,35.18799845
연제구,129.1070507,35.18798635
연제구,129.1072498,35.18777543
연제구,129.1070428,35.18776664
기장군,129.1486424,35.35535536
기장군,129.148577,35.35540639
기장군,129.1485336,35.35534666
기장군,129.1772464,35.31836599
기장군,129.2097423,35.32426157
수영구,129.11119,35.17007712
수영구,129.1090297,35.1715677
연제구,129.1071239,35.18131919
연제구,129.1071192,35.18168975
금정구,129.0816673,35.30389552
연제구,129.1071418,35.18635149
동래구,129.1084794,35.19391004
동래구,129.1083136,35.19366575
동래구,129.1078456,35.19275738
동래구,129.1086219,35.19407968
동래구,129.108767,35.19434407
연제구,129.0649475,35.19142257
동래구,129.0641777,35.19444677
동래구,129.0642786,35.19357154
동래구,129.064585,35.1925569
동래구,129.0658307,35.19506481
동래구,129.0643506,35.19470866
동래구,129.0643901,35.19495764
동래구,129.0639357,35.19515544
동래구,129.0637291,35.1953887
동래구,129.06181,35.19599595
동래구,129.0631095,35.19613643
동래구,129.0616343,35.19585287
동래구,129.0613897,35.19580494
동래구,129.0607947,35.19582366
동래구,129.0608482,35.19588632
동래구,129.0606053,35.19564518
동래구,129.0604733,35.19561966
동래구,129.0587835,35.19527817
동래구,129.0587378,35.19508316
동래구,129.0584159,35.19508552
동구,129.0625963,35.13860265
동구,129.0631078,35.13808711
동구,129.0635505,35.13750118
동구,129.0633157,35.1373786
동구,129.0638889,35.14127515
부산진구,129.0556555,35.14943201
부산진구,129.0552114,35.15142381
부산진구,129.0550463,35.15143235
부산진구,129.05514,35.15107285
금정구,129.0889562,35.22575912
동래구,129.0780667,35.20644312
기장군,129.1112655,35.31079211
금정구,129.1155184,35.23379788
금정구,129.1162352,35.23319788
금정구,129.1147338,35.23552226
금정구,129.1147505,35.2330483
금정구,129.1164165,35.2343722
금정구,129.1168951,35.234228
금정구,129.1248852,35.23481191
금정구,129.1297204,35.23589655
금정구,129.1321763,35.23779713
금정구,129.131454,35.23729533
금정구,129.1337649,35.24003261
금정구,129.1363399,35.24366129
금정구,129.1357802,35.24311222
금정구,129.1324014,35.23838679
기장군,129.1495631,35.26015393
기장군,129.1517845,35.26510051
기장군,129.1513814,35.26463709
기장군,129.1516368,35.27191832
기장군,129.1514137,35.27208789
기장군,129.1521583,35.27563999
금정구,129.0916891,35.23207783
기장군,129.1521397,35.27498421
기장군,129.1570472,35.28282813
기장군,129.1565335,35.28258989
기장군,129.1681227,35.29511524
기장군,129.1687762,35.29672646
기장군,129.1681302,35.29543487
기장군,129.1679976,35.29566241
기장군,129.1682376,35.29584925
기장군,129.1681989,35.29601172
동래구,129.0878439,35.19445418
동래구,129.0853205,35.19848808
금정구,129.0873263,35.22319165
동래구,129.0785835,35.21121514
동래구,129.0781605,35.21068266
동래구,129.0779694,35.20655081
동래구,129.0778786,35.2064081
동래구,129.0784458,35.21186984
동래구,129.0788357,35.21175117
동래구,129.0794244,35.21322686
동래구,129.0843625,35.21823319
동래구,129.0864011,35.22131315
금정구,129.0877466,35.22344328
금정구,129.0894599,35.22684096
금정구,129.091285,35.22991085
금정구,129.0913138,35.23018483
금정구,129.0914209,35.23123894
금정구,129.0914458,35.23150497
금정구,129.0919417,35.23594071
금정구,129.0919751,35.23614185
금정구,129.0925828,35.23973931
금정구,129.0933964,35.24341945
금정구,129.0933516,35.24336455
금정구,129.0934455,35.24611886
금정구,129.0936833,35.24458028
금정구,129.093422,35.24498098
금정구,129.0932344,35.24601236
금정구,129.0933534,35.24428205
금정구,129.0931986,35.24507921
금정구,129.0931799,35.24507482
금정구,129.0932035,35.24386815
금정구,129.0927497,35.24636903
금정구,129.0923505,35.24811444
금정구,129.0921852,35.24806292
금정구,129.09159,35.25027293
금정구,129.0914475,35.25085932
금정구,129.0914443,35.2508145
금정구,129.0913919,35.25397514
금정구,129.0913918,35.25500548
금정구,129.0913796,35.25679807
금정구,129.0915875,35.26126837
금정구,129.091957,35.26290616
금정구,129.0919869,35.26309553
금정구,129.0921227,35.26367583
금정구,129.0927524,35.26811733
금정구,129.0927011,35.27072738
금정구,129.0926973,35.27111346
금정구,129.0924146,35.27568718
금정구,129.0925708,35.27576476
금정구,129.0930004,35.27957845
금정구,129.0930077,35.27951208
금정구,129.0928058,35.27623116
금정구,129.0931688,35.27856114
금정구,129.0940407,35.28218405
금정구,129.0949498,35.28461176
금정구,129.0956511,35.28675158
금정구,129.0964833,35.28830209
금정구,129.0985489,35.29129527
금정구,129.0978943,35.29060672
금정구,129.0990283,35.29194997
금정구,129.1022953,35.29560241
금정구,129.1013204,35.2941467
금정구,129.1006626,35.29362474
금정구,129.1029565,35.29727604
금정구,129.1032563,35.29784909
금정구,129.1054717,35.30252943
금정구,129.104326,35.29980425
기장군,129.1110048,35.3082674
금정구,129.104414,35.3001917
금정구,129.1040797,35.29970034
금정구,129.078856,35.30630569
금정구,129.0799229,35.30270446
금정구,129.0824905,35.29875018
금정구,129.0831772,35.29807151
금정구,129.0824163,35.29853398
금정구,129.0797815,35.30279904
금정구,129.0787247,35.30620352
금정구,129.0805997,35.30389347
금정구,129.0808587,35.30396183
금정구,129.0806853,35.30392826
기장군,129.1110418,35.31061724
기장군,129.1108121,35.31056022
기장군,129.1111175,35.31108853
기장군,129.1113413,35.31409661
기장군,129.1112823,35.31167875
기장군,129.115188,35.32241485
기장군,129.1164334,35.32305359
기장군,129.1232108,35.33783124
기장군,129.1233362,35.33843135
기장군,129.1239608,35.33898954
기장군,129.138178,35.35792442
기장군,129.1385826,35.35506048
기장군,129.1427581,35.36053782
기장군,129.1425898,35.3605672
기장군,129.1385388,35.35524478
기장군,129.1451619,35.36458724
기장군,129.1751827,35.31435158
기장군,129.175024,35.31499146
기장군,129.175745,35.31562204
기장군,129.1757307,35.31585462
기장군,129.1780811,35.31990564
기장군,129.1827589,35.32917456
기장군,129.1826967,35.33134452
기장군,129.1822909,35.33152403
기장군,129.1822849,35.33138021
기장군,129.1826937,35.33119199
기장군,129.1824949,35.33107168
기장군,129.182389,35.33128631
기장군,129.1830438,35.3291303
기장군,129.1669085,35.33162239
기장군,129.1820777,35.32794778
기장군,129.1800948,35.32351911
기장군,129.1789546,35.32147266
기장군,129.1792169,35.32556263
기장군,129.1773659,35.32641707
기장군,129.1769092,35.32663598
기장군,129.1763705,35.32689263
기장군,129.1757979,35.32715452
기장군,129.1750628,35.32750501
기장군,129.1696487,35.32694056
기장군,129.1690053,35.32788174
기장군,129.168506,35.32862812
기장군,129.1653132,35.33472463
기장군,129.1639014,35.33640952
기장군,129.1687815,35.32536729
기장군,129.1708928,35.32510928
기장군,129.1720597,35.3237376
기장군,129.1735616,35.32249913
기장군,129.176677,35.32118571
기장군,129.1797245,35.32009614
기장군,129.1825267,35.31952122
기장군,129.2382362,35.31968599
기장군,129.1855739,35.31953592
기장군,129.1878139,35.32009882
기장군,129.1900943,35.3213295
기장군,129.1952435,35.32283963
기장군,129.1931286,35.32222321
기장군,129.1768569,35.31737816
기장군,129.1768972,35.31715227
기장군,129.1770007,35.3173588
기장군,129.1822918,35.33193456
기장군,129.1767556,35.31711561
기장군,129.1767515,35.31708083
기장군,129.1744184,35.3182418
기장군,129.1718939,35.31985372
기장군,129.1682886,35.32311329
기장군,129.1701083,35.32132043
기장군,129.1658441,35.32637476
북구,129.0175133,35.2680095
기장군,129.1640172,35.32918596
기장군,129.1629619,35.33127158
기장군,129.1634382,35.33026599
기장군,129.1624013,35.33245432
기장군,129.1614176,35.33534172
기장군,129.16211,35.33715035
기장군,129.1612549,35.33865756
기장군,129.1607599,35.34108513
기장군,129.1596062,35.34346373
기장군,129.1585552,35.34648923
기장군,129.1587814,35.34519726
기장군,129.1588266,35.34706749
기장군,129.1586198,35.35036968
기장군,129.159164,35.34848373
기장군,129.157576,35.35110362
기장군,129.1469938,35.35598472
기장군,129.1477677,35.35546544
기장군,129.1853395,35.33014918
기장군,129.1457669,35.35660636
기장군,129.1518556,35.35316367
기장군,129.148471,35.35539394
기장군,129.148628,35.35529656
기장군,129.1493988,35.3545347
기장군,129.1490885,35.3550119
기장군,129.1506006,35.35410117
기장군,129.1510554,35.35374706
기장군,129.2088474,35.3242854
기장군,129.2162299,35.32472977
기장군,129.2140011,35.32449583
기장군,129.2146741,35.32453049
기장군,129.2154853,35.32465015
기장군,129.179416,35.33348207
기장군,129.1802257,35.33284519
기장군,129.2190262,35.32458153
기장군,129.2193638,35.32465398
기장군,129.2329981,35.32188935
기장군,129.2273689,35.32169082
기장군,129.230322,35.32188697
기장군,129.2393504,35.3190585
기장군,129.2368282,35.32095417
기장군,129.2386257,35.31972656
사상구,128.9842163,35.15026139
강서구,128.8615413,35.14454682
강서구,128.861243,35.14486746
강서구,128.8612719,35.14252514
강서구,128.8615389,35.14260165
강서구,128.8598359,35.13724365
사하구,128.9754446,35.10223523
사하구,128.9700707,35.1023203
사하구,128.9701078,35.10226884
사하구,128.9698214,35.10234507
사하구,128.9697826,35.10261659
사하구,128.967995,35.10296597
사하구,128.9684584,35.10298952
사하구,128.964613,35.10421651
사하구,128.9658363,35.10410295
사하구,128.9656906,35.10415919
사하구,128.9651012,35.10436979
사상구,128.9840254,35.16200301
북구,129.011791,35.25703731
사상구,128.9827695,35.16233258
사상구,128.9828115,35.16217712
사상구,128.9825062,35.16221622
사상구,128.9808442,35.16244416
사상구,128.9805325,35.1624962
사상구,128.9797144,35.16277768
사상구,128.9787556,35.16289907
사상구,128.9778412,35.16301889
북구,129.0113733,35.25146545
사상구,128.9771982,35.16297035
사상구,128.9768136,35.16303251
사상구,128.9769542,35.16299183
사상구,128.9770676,35.16313825
사상구,128.9669913,35.12693965
사상구,128.9660982,35.12690087
사상구,128.9654001,35.12727727
북구,129.0116001,35.25105057
북구,129.0154307,35.26430094
북구,129.0172917,35.26762638
북구,129.0119591,35.25681548
북구,129.0118454,35.25073287
기장군,129.2807447,35.32868318
기장군,129.2421603,35.31734795
북구,129.026527,35.21356559
북구,129.0261097,35.21373682
북구,129.0260276,35.2137568
동구,129.040756,35.11445853
동구,129.0402064,35.11462112
동구,129.0401817,35.11456806
동구,129.0401497,35.11466277
동구,129.0400814,35.11428988
동구,129.0400993,35.11456109
연제구,129.0855052,35.17465667
연제구,129.0835726,35.17214647
연제구,129.0768996,35.17962101
해운대구,129.1667623,35.16058836
해운대구,129.1664597,35.16059185
해운대구,129.1662954,35.16074412
해운대구,129.1661742,35.16087196
해운대구,129.1653888,35.16205293
해운대구,129.1654507,35.16194038
해운대구,129.1696003,35.16192507
강서구,128.8755472,35.14415515
해운대구,129.1685423,35.16207194
해운대구,129.1703249,35.16132186
강서구,128.8709288,35.14391349
강서구,128.8710039,35.14517925
강서구,128.8741499,35.14444785
강서구,128.8754411,35.14431053
강서구,128.8740198,35.14165083
강서구,128.873767,35.14157301
강서구,128.8743662,35.14136494
강서구,128.8720582,35.14480913
강서구,128.9170341,35.09246841
강서구,128.917374,35.09359828
강서구,128.9170318,35.09384116
동래구,129.0663152,35.19639268
강서구,128.9171434,35.0925276
강서구,128.9184817,35.09374994
강서구,128.9188004,35.093723
강서구,128.9197007,35.0940855
강서구,128.9195381,35.0941828
강서구,128.9195083,35.09443984
강서구,128.9219918,35.09465134
강서구,128.9171922,35.09264958
동구,129.0411222,35.12465879
동구,129.0412815,35.12469064
동구,129.0412552,35.12451305
동구,129.0410889,35.12450787
동구,129.0410434,35.12456447
동구,129.0409111,35.12444795
동구,129.0398765,35.12360189
동구,129.0407721,35.12352331
동구,129.0409085,35.12361314
북구,129.0322562,35.21442916
북구,129.0325882,35.21447286
북구,129.0320379,35.21439941
북구,129.0322218,35.21453686
북구,129.0363708,35.21413751
북구,129.0362493,35.21417118
동래구,129.0661548,35.19635406
연제구,129.080381,35.18197273
연제구,129.0799428,35.18144544
연제구,129.0802254,35.1815638
동래구,129.0843,35.2004
동래구,129.1113,35.1946
금정구,129.0912,35.2395
