id,sigun_gu,lat,lon,geom,facility_type
1,동래구,129.071739,35.20702383,,8
2,금정구,129.0879199,35.24048945,,8
3,사하구,128.9939815,35.08972354,,8
4,사하구,128.9871522,35.0825588,,8
5,사상구,129.0016631,35.18461546,,8
6,사상구,128.9958815,35.1844133,,8
7,사상구,128.9911271,35.1861384,,8
8,사상구,128.9794939,35.18246655,,8
9,부산진구,129.0768898,35.1751008,,8
10,사상구,128.9825091,35.18597515,,8
11,사상구,128.9860301,35.17343404,,8
12,사상구,128.979576,35.17423483,,8
13,강서구,128.8347535,35.07976368,,8
14,사상구,128.978458,35.16946412,,8
15,사상구,128.9768845,35.16307921,,8
16,사상구,128.9857316,35.19517846,,8
17,사상구,128.9817035,35.1625142,,8
18,사상구,128.9839464,35.15902128,,8
19,사상구,128.9888892,35.15623828,,8
20,사상구,128.9704326,35.1291683,,8
21,사상구,129.0114996,35.14942934,,8
22,사상구,128.9863587,35.19079411,,8
23,사상구,128.9891961,35.18699058,,8
24,사상구,128.9874351,35.16758402,,8
25,사상구,129.0057711,35.15073772,,8
26,사상구,128.9900502,35.15217215,,8
27,사상구,128.9743643,35.12976705,,8
28,사상구,128.9907269,35.1647462,,8
29,사상구,128.9742782,35.15788046,,8
30,사상구,128.9732661,35.12302383,,8
31,사상구,128.9705912,35.12425221,,8
32,사상구,128.9964354,35.15260426,,8
33,사상구,128.9827268,35.16620519,,8
34,사상구,128.9821029,35.1675507,,8
35,사상구,128.9870535,35.15542333,,8
36,사상구,128.9817617,35.17408516,,8
37,사상구,128.9920026,35.18537574,,8
38,사상구,128.9939337,35.18605796,,8
39,사상구,128.9929059,35.15829301,,8
40,사상구,128.9649455,35.13222157,,8
41,사상구,128.963806,35.12773293,,8
42,사상구,128.9744702,35.13622176,,8
43,사상구,128.9769304,35.15162212,,8
44,사상구,129.001553,35.15339551,,8
45,북구,128.9902572,35.19380257,,8
46,사상구,128.9894949,35.19165209,,8
47,사상구,128.9880579,35.18846586,,8
48,사상구,128.9868282,35.18531814,,8
49,사상구,128.985817,35.18112467,,8
50,사상구,128.9849329,35.17743203,,8
51,중구,129.0213947,35.10538133,,8
52,사상구,128.9840722,35.1739916,,8
53,사상구,128.9827656,35.17043021,,8
54,사상구,128.9836426,35.1673243,,8
55,사상구,128.9835853,35.16444388,,8
56,서구,129.0162639,35.08106752,,8
57,사상구,128.9871596,35.15958549,,8
58,사상구,128.9892808,35.15741991,,8
59,사상구,128.9907976,35.15584306,,8
60,사상구,128.9933196,35.15404742,,8
61,사상구,128.9979943,35.15127832,,8
62,사상구,128.966389,35.12450219,,8
63,사상구,128.9890013,35.14091165,,8
64,사상구,128.9778085,35.18685301,,8
65,사상구,128.9926861,35.19262656,,8
66,사상구,128.9909404,35.18780543,,8
67,사상구,128.9905478,35.18428009,,8
68,사상구,128.9885476,35.17875845,,8
69,사상구,128.9906958,35.16898676,,8
70,사상구,128.9900636,35.16920943,,8
71,사상구,128.9889927,35.16648383,,8
72,사상구,129.0025378,35.15271316,,8
73,사상구,129.0055448,35.15244648,,8
74,사상구,129.0112198,35.1529295,,8
75,부산진구,129.0177704,35.15426813,,8
76,사상구,128.9827699,35.19282851,,8
77,사상구,128.9804668,35.19041774,,8
78,사상구,128.9763261,35.18317043,,8
79,사상구,128.9763182,35.17713903,,8
80,사상구,128.9766436,35.17447477,,8
81,사상구,128.9767792,35.16882565,,8
82,사상구,128.9730731,35.15378591,,8
83,사상구,128.9721567,35.151023,,8
84,사상구,128.9711769,35.14865759,,8
85,사상구,128.9695787,35.14495049,,8
86,사상구,128.9700414,35.14236357,,8
87,사상구,128.9709157,35.13734812,,8
88,사상구,128.9717379,35.13313105,,8
89,사상구,128.9720784,35.13109303,,8
90,사상구,128.9683947,35.12666016,,8
91,사상구,128.9820762,35.15140049,,8
92,사상구,128.9996623,35.14848208,,8
93,사상구,128.9838006,35.14228242,,8
94,사상구,128.992403,35.14541861,,8
95,사상구,128.9946274,35.14646452,,8
96,사상구,128.9887433,35.14691268,,8
97,사상구,128.9878167,35.14326214,,8
98,동래구,129.082425,35.2187948,,8
99,금정구,129.0914142,35.23059074,,8
100,사상구,128.9856972,35.15009429,,8
101,사상구,128.9894019,35.14951734,,8
102,사상구,128.9960228,35.14992871,,8
103,사상구,129.0000144,35.15036267,,8
104,사상구,129.0061716,35.14896903,,8
105,서구,129.0174401,35.07874119,,8
106,서구,129.0136724,35.11015297,,8
107,서구,129.0219744,35.08227527,,8
108,서구,129.0181776,35.10767406,,8
109,서구,129.0233914,35.08753519,,8
110,서구,129.0224904,35.10990783,,8
111,서구,129.0211735,35.07947857,,8
112,서구,129.0241028,35.08096913,,8
113,서구,129.0124723,35.05762429,,8
114,서구,129.0114855,35.05987034,,8
115,서구,129.0089205,35.06078596,,8
116,서구,129.0100124,35.06126596,,8
117,서구,129.0186176,35.11795715,,8
118,서구,129.0159146,35.07210254,,8
119,서구,129.0170324,35.10421511,,8
120,서구,129.0162214,35.07600716,,8
121,서구,129.0167158,35.09816989,,8
122,서구,129.0108875,35.11307621,,8
123,서구,129.0135906,35.06423244,,8
124,서구,129.0138764,35.11710415,,8
125,서구,129.0109892,35.11942377,,8
126,서구,129.01204,35.11759344,,8
127,서구,129.0160311,35.11778671,,8
128,서구,129.022177,35.09445416,,8
129,서구,129.0250517,35.0825996,,8
130,서구,129.0201538,35.08381558,,8
131,서구,129.0223378,35.09233851,,8
132,서구,129.0119751,35.08192506,,8
133,서구,129.0201598,35.07969577,,8
134,서구,129.0234733,35.08948128,,8
135,서구,129.0220932,35.09966213,,8
136,서구,129.0180992,35.09981838,,8
137,서구,129.0190139,35.10871939,,8
138,서구,129.0156976,35.10932686,,8
139,서구,129.018738,35.07845743,,8
140,서구,129.0164049,35.07826813,,8
141,서구,129.017787,35.07955573,,8
142,서구,129.0220149,35.08008318,,8
143,서구,129.0248113,35.08470848,,8
144,서구,129.0245741,35.0869037,,8
145,서구,129.0243486,35.08892497,,8
146,서구,129.024182,35.09071057,,8
147,서구,129.0240714,35.09370703,,8
148,서구,129.0163343,35.11292801,,8
149,서구,129.0213072,35.11129836,,8
150,서구,129.0207349,35.11338077,,8
151,서구,129.0176623,35.11572417,,8
152,서구,129.0146827,35.11476992,,8
153,서구,129.0135236,35.11318991,,8
154,서구,129.011999,35.11088697,,8
155,서구,129.0182308,35.11035394,,8
156,수영구,129.1276796,35.15703921,,8
157,서구,129.0201412,35.10766872,,8
158,서구,129.0201214,35.10532346,,8
159,중구,129.0212902,35.10330098,,8
160,서구,129.0197548,35.10040718,,8
161,서구,129.0242181,35.09637744,,8
162,강서구,128.8771205,35.0856673,,8
163,강서구,128.9474305,35.16358268,,8
164,강서구,128.9509995,35.16475245,,8
165,강서구,128.9939181,35.23360623,,8
166,강서구,128.9566305,35.16803048,,8
167,강서구,128.9536199,35.1687445,,8
168,강서구,128.8591567,35.12292323,,8
169,강서구,128.8958371,35.17607092,,8
170,강서구,128.8882469,35.17667928,,8
171,강서구,128.9029261,35.18619005,,8
172,강서구,128.9480184,35.16254791,,8
173,강서구,128.9469898,35.16443378,,8
174,강서구,128.9524252,35.16220842,,8
175,강서구,128.9515147,35.16385251,,8
176,강서구,128.9504669,35.16568967,,8
177,강서구,128.9563429,35.163691,,8
178,강서구,128.9554798,35.16536848,,8
179,강서구,128.9544223,35.16720642,,8
180,강서구,128.9010903,35.17569679,,8
181,강서구,128.8798845,35.13228256,,8
182,강서구,128.8829858,35.13741384,,8
183,강서구,128.8433666,35.10700021,,8
184,강서구,128.8117075,35.03287393,,8
185,강서구,128.8994963,35.08565001,,8
186,강서구,128.8561993,35.12621822,,8
187,강서구,128.874856,35.1038704,,8
188,강서구,128.8720256,35.10456743,,8
189,강서구,128.9012641,35.19606166,,8
190,강서구,128.9025896,35.19492452,,8
191,강서구,128.903653,35.19203972,,8
192,강서구,128.8889417,35.21403751,,8
193,강서구,128.8894345,35.21290819,,8
194,강서구,128.8869996,35.09576571,,8
195,강서구,128.8830581,35.10179528,,8
196,강서구,128.8830494,35.09965977,,8
197,강서구,128.8830203,35.09713235,,8
198,강서구,128.8781938,35.09863321,,8
199,강서구,128.8782532,35.10177474,,8
200,강서구,128.8881017,35.10827758,,8
201,강서구,128.8830286,35.10832682,,8
202,강서구,128.8782282,35.1083178,,8
203,강서구,128.8730038,35.10833227,,8
204,강서구,128.8830294,35.11098757,,8
205,강서구,128.8873444,35.11152793,,8
206,강서구,128.88331,35.11244416,,8
207,강서구,128.8776848,35.11241489,,8
208,강서구,128.9054403,35.08432391,,8
209,강서구,128.9053878,35.08198715,,8
210,강서구,128.8978981,35.0843371,,8
211,강서구,128.834704,35.06995204,,8
212,강서구,128.8347632,35.07411113,,8
213,강서구,128.9010905,35.17957142,,8
214,강서구,128.9076556,35.07958991,,8
215,강서구,128.90492,35.07961607,,8
216,강서구,128.9039563,35.08197632,,8
217,강서구,128.9115673,35.08198049,,8
218,강서구,128.9076882,35.08203817,,8
219,강서구,128.9044613,35.08426891,,8
220,강서구,128.899422,35.08434073,,8
221,강서구,128.9115513,35.08433891,,8
222,강서구,128.9077292,35.08431935,,8
223,강서구,128.9118469,35.08675038,,8
224,강서구,128.9035667,35.07969258,,8
225,강서구,128.8995355,35.07967872,,8
226,강서구,128.9022812,35.08198627,,8
227,강서구,128.8994649,35.0819906,,8
228,강서구,128.8961516,35.08200749,,8
229,강서구,128.9019897,35.08425711,,8
230,강서구,128.8961442,35.08427167,,8
231,강서구,128.9004875,35.08666756,,8
232,강서구,128.897039,35.08899596,,8
233,강서구,128.8939852,35.13545631,,8
234,강서구,128.8905836,35.13642582,,8
235,강서구,128.8905534,35.20915583,,8
236,강서구,128.8912591,35.20663476,,8
237,강서구,128.8917209,35.20476829,,8
238,강서구,128.8922108,35.20307927,,8
239,강서구,128.8928436,35.20158953,,8
240,강서구,128.894436,35.197395,,8
241,강서구,128.8975261,35.19610416,,8
242,강서구,128.9004832,35.1197453,,8
243,강서구,128.9087903,35.19205589,,8
244,강서구,128.9140066,35.19155543,,8
245,강서구,128.9161843,35.19137459,,8
246,강서구,128.8961324,35.12371541,,8
247,강서구,128.9167359,35.1519447,,8
248,강서구,128.9339026,35.11442378,,8
249,강서구,128.8876954,35.1039038,,8
250,강서구,128.8360958,35.14892754,,8
251,강서구,128.8306952,35.1489333,,8
252,강서구,128.8246904,35.14176941,,8
253,강서구,128.8283803,35.14424361,,8
254,강서구,128.8112685,35.14940772,,8
255,강서구,128.809375,35.14941116,,8
256,강서구,128.8302102,35.14601396,,8
257,강서구,128.8307241,35.1506842,,8
258,강서구,128.8329204,35.14893141,,8
259,강서구,128.8247192,35.14896994,,8
260,강서구,128.8194527,35.14965388,,8
261,강서구,128.9075963,35.0864465,,8
262,강서구,128.8355161,35.09794098,,8
263,강서구,128.8967864,35.16807075,,8
264,강서구,128.8931796,35.1635095,,8
265,강서구,128.8332563,35.0889986,,8
266,강서구,128.8610991,35.13252291,,8
267,강서구,128.8965043,35.12103998,,8
268,강서구,128.8552788,35.1272119,,8
269,강서구,128.8556983,35.09347982,,8
270,강서구,128.8558402,35.0979748,,8
271,강서구,128.8394275,35.10390473,,8
272,강서구,128.9278607,35.17365173,,8
273,강서구,128.9248602,35.19568328,,8
274,강서구,128.9779243,35.20609176,,8
275,강서구,128.8818978,35.08337382,,8
276,강서구,128.9741661,35.20756037,,8
277,강서구,128.8943781,35.12213937,,8
278,강서구,128.8429685,35.10506814,,8
279,강서구,128.914939,35.11585187,,8
280,강서구,128.885286,35.11263031,,8
281,강서구,128.8912332,35.1190414,,8
282,강서구,128.8563061,35.1102882,,8
283,강서구,128.9234975,35.1136316,,8
284,강서구,128.8696818,35.11238443,,8
285,강서구,128.8395306,35.09957035,,8
286,강서구,128.9591746,35.17554337,,8
287,강서구,128.8427047,35.09797396,,8
288,강서구,128.839457,35.09559503,,8
289,강서구,128.8571091,35.08895979,,8
290,강서구,128.9261952,35.11307639,,8
291,강서구,128.9590482,35.21516115,,8
292,강서구,128.8787273,35.13869015,,8
293,강서구,128.874023,35.14134297,,8
294,강서구,128.8773704,35.14710305,,8
295,강서구,128.8526492,35.08452072,,8
296,강서구,128.8427416,35.08562149,,8
297,강서구,128.958053,35.17927765,,8
298,강서구,128.8394727,35.08565535,,8
299,강서구,128.9570506,35.18095147,,8
300,해운대구,129.1358438,35.17089243,,8
301,강서구,128.8327434,35.09794119,,8
302,강서구,128.8388263,35.09797066,,8
303,강서구,128.8460428,35.09796113,,8
304,강서구,128.8492314,35.09795864,,8
305,강서구,128.852671,35.09795034,,8
306,강서구,128.8592216,35.09797551,,8
307,강서구,128.8620778,35.09791904,,8
308,강서구,128.8660937,35.09794395,,8
309,강서구,128.8685126,35.09358064,,8
310,강서구,128.862088,35.08896831,,8
311,강서구,128.8592225,35.0884418,,8
312,강서구,128.8526262,35.08847598,,8
313,강서구,128.8492359,35.08895082,,8
314,강서구,128.8460413,35.08897272,,8
315,강서구,128.8427382,35.08898089,,8
316,강서구,128.8394968,35.08947507,,8
317,강서구,128.8268497,35.09424399,,8
318,강서구,128.8241884,35.09637965,,8
319,강서구,128.8268676,35.09867644,,8
320,강서구,128.8295828,35.09648293,,8
321,강서구,128.8394428,35.09345175,,8
322,강서구,128.8460126,35.0934505,,8
323,강서구,128.8492152,35.09346145,,8
324,강서구,128.8591813,35.09347017,,8
325,강서구,128.865793,35.09349228,,8
326,강서구,128.8657806,35.08897859,,8
327,강서구,128.8693508,35.08904638,,8
328,강서구,128.9804067,35.20757739,,8
329,강서구,128.8808511,35.15163029,,8
330,강서구,128.8994686,35.08836447,,8
331,강서구,128.8994806,35.08899601,,8
332,강서구,128.8869224,35.09468521,,8
333,강서구,128.8659165,35.09962117,,8
334,강서구,128.8729308,35.11241881,,8
335,강서구,128.873022,35.08889407,,8
336,강서구,128.8775247,35.08890441,,8
337,강서구,128.8819446,35.08892842,,8
338,강서구,128.984875,35.21041495,,8
339,강서구,128.8864703,35.1598574,,8
340,강서구,128.8848074,35.1561262,,8
341,강서구,128.8896374,35.16247239,,8
342,강서구,128.9456431,35.13408136,,8
343,강서구,128.9479961,35.13873911,,8
344,강서구,128.9368313,35.11918431,,8
345,강서구,128.9400287,35.12420183,,8
346,강서구,128.9437118,35.13055568,,8
347,강서구,128.9354195,35.16215011,,8
348,강서구,128.9354546,35.16871656,,8
349,강서구,128.934938,35.16700525,,8
350,강서구,128.9350502,35.17163833,,8
351,강서구,128.9319595,35.11223337,,8
352,강서구,128.9520225,35.17962262,,8
353,강서구,128.9501926,35.17761248,,8
354,강서구,128.9520081,35.18206651,,8
355,강서구,128.8895172,35.11743304,,8
356,강서구,128.8424404,35.10560037,,8
357,강서구,128.912312,35.08876998,,8
358,강서구,128.918382,35.09048528,,8
359,강서구,128.9274398,35.09915483,,8
360,강서구,128.9255406,35.09363829,,8
361,강서구,128.8986987,35.17004517,,8
362,강서구,128.9696582,35.21492633,,8
363,강서구,128.9032413,35.11898429,,8
364,강서구,128.907294,35.11782834,,8
365,강서구,128.9741776,35.21164197,,8
366,강서구,128.9501819,35.14327734,,8
367,강서구,128.9536687,35.15131764,,8
368,강서구,128.9555073,35.15541192,,8
369,강서구,128.9563345,35.15774551,,8
370,강서구,128.9598236,35.17348771,,8
371,강서구,128.958617,35.16318402,,8
372,강서구,128.9580522,35.1807853,,8
373,강서구,128.9534415,35.18150228,,8
374,강서구,128.9633392,35.19418145,,8
375,강서구,128.9695351,35.20069183,,8
376,강서구,128.9744007,35.2040249,,8
377,강서구,128.9819167,35.21280885,,8
378,강서구,128.9804773,35.21380657,,8
379,강서구,128.9744357,35.21470905,,8
380,강서구,128.9636158,35.21519773,,8
381,강서구,128.9560031,35.2146802,,8
382,강서구,128.9523662,35.21389225,,8
383,강서구,128.9487954,35.21430667,,8
384,강서구,128.9439829,35.21580296,,8
385,강서구,128.940495,35.21695271,,8
386,강서구,128.9362626,35.21840991,,8
387,강서구,128.9325662,35.21974242,,8
388,강서구,128.9043776,35.18969753,,8
389,강서구,128.886163,35.1143104,,8
390,강서구,128.9193671,35.11468477,,8
391,강서구,128.9308998,35.10917671,,8
392,강서구,128.8525987,35.09347654,,8
393,금정구,129.0847744,35.26619772,,8
394,금정구,129.0999155,35.22084275,,8
395,금정구,129.086219,35.23558678,,8
396,금정구,129.1046307,35.21263759,,8
397,금정구,129.0864614,35.24096268,,8
398,금정구,129.0829363,35.24002039,,8
399,금정구,129.100918,35.25367609,,8
400,금정구,129.0920314,35.23597022,,8
401,금정구,129.090602,35.2288418,,8
402,금정구,129.0765646,35.23034497,,8
403,금정구,129.0778856,35.22741611,,8
404,금정구,129.0976273,35.24877276,,8
405,금정구,129.0849583,35.24838813,,8
406,금정구,129.0915639,35.28317561,,8
407,금정구,129.0917283,35.28152419,,8
408,금정구,129.0924606,35.23348447,,8
409,금정구,129.0929207,35.21890885,,8
410,금정구,129.0885709,35.24818962,,8
411,금정구,129.0844243,35.25313879,,8
412,금정구,129.0876928,35.25310667,,8
413,금정구,129.1011804,35.29129385,,8
414,금정구,129.1023791,35.25735562,,8
415,금정구,129.1209809,35.22924689,,8
416,금정구,129.0852112,35.26920611,,8
417,금정구,129.0987193,35.21458662,,8
418,금정구,129.0990305,35.29199036,,8
419,금정구,129.0861834,35.26251525,,8
420,동래구,129.0954743,35.21564244,,8
421,금정구,129.0931046,35.24430352,,8
422,금정구,129.1118745,35.21943719,,8
423,금정구,129.093162,35.25285848,,8
424,금정구,129.0941989,35.28282696,,8
425,금정구,129.104895,35.2185001,,8
426,금정구,129.0841876,35.26708553,,8
427,금정구,129.0800156,35.22586141,,8
428,금정구,129.082258,35.22543004,,8
429,금정구,129.1101006,35.21834122,,8
430,금정구,129.1107963,35.22209214,,8
431,금정구,129.1068278,35.21990538,,8
432,금정구,129.0987157,35.21899836,,8
433,금정구,129.0982564,35.21657638,,8
434,금정구,129.0945703,35.28416533,,8
435,금정구,129.0932177,35.27946034,,8
436,금정구,129.0931608,35.25861101,,8
437,금정구,129.0889652,35.27224459,,8
438,금정구,129.0891028,35.26699178,,8
439,금정구,129.0880108,35.26230536,,8
440,금정구,129.0884796,35.26405069,,8
441,금정구,129.0876863,35.26086527,,8
442,금정구,129.0878249,35.25809888,,8
443,금정구,129.0919383,35.24916608,,8
444,금정구,129.087784,35.25476462,,8
445,금정구,129.0877321,35.25239688,,8
446,금정구,129.0866807,35.2429764,,8
447,금정구,129.0850669,35.2314558,,8
448,금정구,129.0865385,35.23793209,,8
449,금정구,129.0864122,35.23989748,,8
450,금정구,129.0893042,35.24286899,,8
451,금정구,129.0858152,35.22629427,,8
452,금정구,129.0831994,35.22730066,,8
453,금정구,129.0855392,35.22461739,,8
454,금정구,129.0925861,35.22285638,,8
455,금정구,129.0929128,35.27717011,,8
456,금정구,129.0913401,35.26033953,,8
457,금정구,129.1105418,35.2145344,,8
458,금정구,129.1086495,35.21405857,,8
459,동래구,129.1047781,35.21029587,,8
460,금정구,129.0927299,35.27557815,,8
461,금정구,129.0926976,35.27085579,,8
462,금정구,129.0919354,35.26304194,,8
463,금정구,129.0913496,35.25802005,,8
464,금정구,129.0913393,35.25420863,,8
465,금정구,129.0930059,35.24644675,,8
466,금정구,129.0924299,35.23882178,,8
467,금정구,129.0875042,35.22306079,,8
468,금정구,129.0930191,35.24280864,,8
469,금정구,129.0851408,35.24717841,,8
470,금정구,129.0841663,35.29667309,,8
471,금정구,129.0875026,35.29363394,,8
472,금정구,129.0891512,35.2898032,,8
473,금정구,129.1083912,35.27675009,,8
474,금정구,129.1052916,35.28290285,,8
475,금정구,129.0855643,35.24938654,,8
476,금정구,129.0994741,35.28411039,,8
477,금정구,129.1083186,35.22087678,,8
478,금정구,129.0851992,35.27119539,,8
479,금정구,129.0910342,35.24870742,,8
480,금정구,129.0967925,35.28867831,,8
481,금정구,129.1116025,35.2954281,,8
482,금정구,129.0899872,35.2396178,,8
483,동래구,129.0780818,35.22566712,,8
484,금정구,129.1059746,35.30349895,,8
485,금정구,129.103328,35.29798635,,8
486,금정구,129.0879507,35.24982918,,8
487,금정구,129.0888102,35.24600743,,8
488,금정구,129.0911639,35.24450233,,8
489,금정구,129.0878719,35.23855047,,8
490,금정구,129.0876803,35.23598504,,8
491,금정구,129.0870697,35.23331952,,8
492,금정구,129.0864589,35.23062328,,8
493,금정구,129.0860322,35.22852956,,8
494,금정구,129.0916314,35.23286864,,8
495,금정구,129.0922026,35.22902496,,8
496,금정구,129.0918648,35.22642692,,8
497,금정구,129.0888346,35.22081897,,8
498,금정구,129.0910212,35.22330114,,8
499,금정구,129.1167074,35.21638768,,8
500,북구,129.0095771,35.23511191,,8
501,금정구,129.1138814,35.21536643,,8
502,기장군,129.2243211,35.20197626,,8
503,사하구,128.9980611,35.08662051,,8
504,사하구,128.9976629,35.08383444,,8
505,사하구,128.9904761,35.06678366,,8
506,사하구,128.9920055,35.06292496,,8
507,사하구,128.976763,35.10019707,,8
508,사하구,128.9624521,35.08231113,,8
509,사하구,128.9689945,35.08252315,,8
510,사하구,128.9728602,35.07784041,,8
511,사하구,128.9727865,35.08373022,,8
512,사하구,128.9726971,35.08072656,,8
513,사하구,128.9998622,35.08952441,,8
514,서구,129.0092632,35.06858735,,8
515,서구,129.0077247,35.07099688,,8
516,서구,129.0065641,35.07287085,,8
517,서구,129.006144,35.07472261,,8
518,서구,129.005916,35.07669199,,8
519,사하구,129.0054608,35.07990693,,8
520,서구,129.005664,35.07849679,,8
521,사하구,129.0057952,35.08462551,,8
522,사하구,128.9982115,35.08795895,,8
523,사하구,128.9809798,35.10026549,,8
524,사하구,128.9809089,35.06357452,,8
525,사하구,128.9613082,35.09732829,,8
526,해운대구,129.1206274,35.21806563,,8
527,사하구,128.9951758,35.0576458,,8
528,사하구,129.0094208,35.08290759,,8
529,사하구,128.968303,35.08080353,,8
530,사하구,128.9592047,35.10368793,,8
531,사하구,128.9833372,35.06274663,,8
532,사하구,128.9719205,35.10415349,,8
533,사하구,128.9732975,35.10496089,,8
534,사하구,128.9773731,35.08231143,,8
535,사하구,128.9771199,35.08076127,,8
536,사하구,128.9768241,35.07569389,,8
537,사하구,128.9775567,35.07000879,,8
538,사하구,128.9707188,35.05138362,,8
539,사하구,128.96666,35.08263304,,8
540,사하구,128.9716253,35.05588075,,8
541,사하구,128.9778949,35.09317074,,8
542,사하구,128.9760055,35.10448389,,8
543,사하구,128.9770366,35.09495078,,8
544,사하구,128.9663057,35.05274436,,8
545,사하구,128.9668308,35.0528956,,8
546,사하구,128.9903258,35.07897277,,8
547,사하구,128.9957659,35.052341,,8
548,사하구,128.9620761,35.05770027,,8
549,사하구,128.9647498,35.0591331,,8
550,사하구,128.9640486,35.05532089,,8
551,사하구,128.9628347,35.05563249,,8
552,사하구,128.9589558,35.05148706,,8
553,사하구,128.9657215,35.10622393,,8
554,사하구,128.9725865,35.08230216,,8
555,사하구,129.0055177,35.08607139,,8
556,사하구,128.9953012,35.053362,,8
557,사하구,128.9848565,35.09948093,,8
558,서구,129.0108106,35.09745623,,8
559,사하구,128.9605937,35.1170378,,8
560,사하구,128.9624816,35.05451925,,8
561,사하구,128.9731237,35.06971211,,8
562,사하구,128.9763228,35.0739411,,8
563,사하구,128.9619292,35.04940199,,8
564,사하구,128.9779701,35.096153,,8
565,사하구,128.9905677,35.0765488,,8
566,사하구,128.9904052,35.07133268,,8
567,사하구,128.9681367,35.0500333,,8
568,사하구,128.9649542,35.08383984,,8
569,사하구,128.9576357,35.06369184,,8
570,사하구,128.9670649,35.10341385,,8
571,사하구,128.9729211,35.07606601,,8
572,사하구,128.9602321,35.11323149,,8
573,사하구,128.9590998,35.11001852,,8
574,사하구,128.9588411,35.10861078,,8
575,사하구,128.9638301,35.10625757,,8
576,사하구,128.9585693,35.10634986,,8
577,사하구,128.9601177,35.09611557,,8
578,사하구,128.9602337,35.09482058,,8
579,사하구,128.9601673,35.09017636,,8
580,사하구,128.9700988,35.1024787,,8
581,사하구,128.9733116,35.10194603,,8
582,사하구,128.9750975,35.10216575,,8
583,사하구,128.9766012,35.10152693,,8
584,사하구,128.9661298,35.05037964,,8
585,사하구,128.9880193,35.09665096,,8
586,사하구,128.995068,35.09159032,,8
587,사하구,128.9730596,35.09084148,,8
588,사하구,128.9808366,35.09655651,,8
589,사하구,128.9862363,35.09705056,,8
590,사하구,128.9768022,35.06187703,,8
591,사하구,128.9795782,35.0673001,,8
592,사하구,128.9652577,35.09014409,,8
593,사하구,128.9639217,35.11296717,,8
594,사하구,128.9664065,35.10931209,,8
595,사하구,128.9692927,35.10508441,,8
596,사하구,128.977976,35.09932354,,8
597,사하구,128.9811204,35.09816151,,8
598,사하구,128.9825299,35.09783499,,8
599,사하구,128.9840061,35.09754034,,8
600,사하구,128.9909601,35.09680628,,8
601,사하구,128.9896752,35.08595959,,8
602,사하구,128.9590913,35.11486305,,8
603,사하구,128.9796264,35.06451436,,8
604,사하구,128.9721612,35.05894653,,8
605,사하구,128.9708473,35.05422653,,8
606,사하구,128.9812135,35.06584619,,8
607,사하구,128.997638,35.09078376,,8
608,사하구,128.9648396,35.08259274,,8
609,사하구,129.005141,35.08747751,,8
610,사하구,128.9752282,35.09419788,,8
611,사하구,128.9539518,35.07803515,,8
612,사하구,128.9514756,35.07772931,,8
613,사하구,128.9565664,35.0675642,,8
614,사하구,128.9543994,35.06710923,,8
615,부산진구,129.0592013,35.15066818,,8
616,사하구,128.9553093,35.06328716,,8
617,사하구,128.9571629,35.0564896,,8
618,사하구,128.9772771,35.07768884,,8
619,사하구,128.9627072,35.10358481,,8
620,사하구,128.9608083,35.10126518,,8
621,사하구,128.9777852,35.08954471,,8
622,사하구,128.9729823,35.0875591,,8
623,사하구,128.9775205,35.08750838,,8
624,사하구,128.9600498,35.0856049,,8
625,사하구,128.97764,35.08507963,,8
626,사하구,128.981898,35.08492268,,8
627,사하구,128.9843607,35.08507177,,8
628,사하구,128.9872038,35.08612552,,8
629,사하구,128.9933429,35.08667359,,8
630,사하구,128.9929231,35.0925496,,8
631,사하구,128.9648233,35.10451795,,8
632,사하구,128.9683696,35.10621559,,8
633,사하구,128.9896777,35.09925004,,8
634,사하구,128.9931331,35.10012714,,8
635,사하구,129.00046,35.10336531,,8
636,기장군,129.2130772,35.23420807,,8
637,기장군,129.2075523,35.20671753,,8
638,기장군,129.1869061,35.31963807,,8
639,기장군,129.1716934,35.33068244,,8
640,기장군,129.2498456,35.34098426,,8
641,기장군,129.1484691,35.35519333,,8
642,기장군,129.240369,35.30915222,,8
643,기장군,129.1749434,35.32180024,,8
644,기장군,129.2621589,35.32659659,,8
645,기장군,129.2613008,35.32766871,,8
646,기장군,129.2604322,35.32881342,,8
647,기장군,129.2782055,35.33393922,,8
648,기장군,129.2100001,35.3243786,,8
649,기장군,129.2091497,35.32431006,,8
650,기장군,129.2404185,35.31844583,,8
651,기장군,129.2568304,35.28486253,,8
652,기장군,129.279762,35.33197291,,8
653,기장군,129.2817077,35.3304518,,8
654,기장군,129.2583726,35.29870894,,8
655,기장군,129.240517,35.30582772,,8
656,기장군,129.2327233,35.27981961,,8
657,기장군,129.1519947,35.2730733,,8
658,기장군,129.1512594,35.27372216,,8
659,기장군,129.1499225,35.27476809,,8
660,기장군,129.1504522,35.27444775,,8
661,동구,129.0420999,35.11972661,,8
662,기장군,129.114793,35.31245923,,8
663,기장군,129.1125019,35.30494845,,8
664,기장군,129.2177396,35.23578488,,8
665,기장군,129.1366653,35.35306534,,8
666,기장군,129.1406725,35.35778279,,8
667,기장군,129.1589492,35.34755126,,8
668,기장군,129.1583498,35.35058503,,8
669,기장군,129.1825008,35.33146225,,8
670,기장군,129.2557872,35.38502464,,8
671,기장군,129.2603232,35.31608618,,8
672,기장군,129.2542439,35.34597696,,8
673,기장군,129.2584628,35.3388633,,8
674,기장군,129.2585028,35.33630192,,8
675,기장군,129.2584442,35.33295487,,8
676,기장군,129.2434932,35.37054625,,8
677,기장군,129.256509,35.28850944,,8
678,기장군,129.2760704,35.3359091,,8
679,기장군,129.275274,35.33691613,,8
680,기장군,129.2667657,35.34500227,,8
681,기장군,129.2631116,35.34707579,,8
682,기장군,129.257844,35.34827745,,8
683,기장군,129.2551798,35.35206766,,8
684,기장군,129.256542,35.34847833,,8
685,기장군,129.1705848,35.33047727,,8
686,기장군,129.259441,35.34104673,,8
687,기장군,129.2616258,35.3400177,,8
688,기장군,129.1808286,35.32493107,,8
689,기장군,129.2130504,35.3245075,,8
690,기장군,129.2021468,35.32403101,,8
691,기장군,129.1841508,35.31860203,,8
692,기장군,129.2503477,35.35792011,,8
693,기장군,129.1671427,35.32898006,,8
694,기장군,129.206477,35.2016882,,8
695,기장군,129.1659909,35.32843185,,8
696,기장군,129.2353615,35.32164276,,8
697,기장군,129.1919135,35.31895209,,8
698,기장군,129.243637,35.29664938,,8
699,기장군,129.2447687,35.30717864,,8
700,기장군,129.2134732,35.22423427,,8
701,기장군,129.1683902,35.23607736,,8
702,기장군,129.2241251,35.25609811,,8
703,기장군,129.2220542,35.21143839,,8
704,기장군,129.1726104,35.23786878,,8
705,기장군,129.2216333,35.21279586,,8
706,기장군,129.221935,35.21484066,,8
707,기장군,129.2135649,35.24323897,,8
708,기장군,129.2121901,35.22690303,,8
709,기장군,129.1893998,35.25051753,,8
710,기장군,129.2157744,35.25405269,,8
711,기장군,129.2132538,35.23784996,,8
712,기장군,129.2187311,35.23450803,,8
713,기장군,129.2134844,35.24128813,,8
714,기장군,129.2139218,35.24802447,,8
715,기장군,129.2203238,35.19417962,,8
716,기장군,129.2155763,35.19140459,,8
717,기장군,129.2113066,35.18625656,,8
718,기장군,129.2199846,35.2393638,,8
719,기장군,129.2111213,35.21773406,,8
720,기장군,129.2063268,35.20467157,,8
721,동래구,129.0904923,35.19472298,,8
722,기장군,129.2588661,35.29692641,,8
723,기장군,129.227687,35.26080437,,8
724,기장군,129.2319435,35.26280897,,8
725,기장군,129.2422181,35.32230118,,8
726,기장군,129.233067,35.26459566,,8
727,기장군,129.2368317,35.29530132,,8
728,기장군,129.2336446,35.26647825,,8
729,기장군,129.1974884,35.31877113,,8
730,기장군,129.1718744,35.3267807,,8
731,기장군,129.179007,35.32890524,,8
732,기장군,129.1759347,35.32711598,,8
733,기장군,129.206614,35.32502576,,8
734,기장군,129.1633592,35.33304314,,8
735,기장군,129.1648112,35.33351572,,8
736,기장군,129.2410628,35.31012982,,8
737,기장군,129.1617784,35.23616452,,8
738,기장군,129.1797444,35.2462883,,8
739,기장군,129.2131904,35.23612235,,8
740,기장군,129.2118813,35.24524621,,8
741,기장군,129.2136533,35.24518135,,8
742,기장군,129.2241918,35.20529029,,8
743,기장군,129.2228971,35.1977114,,8
744,기장군,129.2101789,35.18376196,,8
745,기장군,129.1928154,35.25317397,,8
746,기장군,129.1954219,35.25390925,,8
747,기장군,129.2039566,35.25317103,,8
748,동래구,129.0846091,35.19932416,,8
749,기장군,129.2090189,35.24987134,,8
750,기장군,129.2138177,35.24894176,,8
751,기장군,129.2157736,35.25068932,,8
752,기장군,129.2170791,35.25102815,,8
753,기장군,129.2208893,35.25133411,,8
754,기장군,129.2209991,35.24522467,,8
755,기장군,129.2206807,35.24358115,,8
756,기장군,129.2189371,35.23768029,,8
757,기장군,129.2167263,35.23418393,,8
758,기장군,129.2125899,35.22190151,,8
759,기장군,129.2150345,35.22718663,,8
760,기장군,129.2066013,35.20020913,,8
761,동래구,129.108384,35.20461022,,8
762,기장군,129.1713639,35.32449587,,8
763,동래구,129.0560554,35.19842397,,8
764,동래구,129.1086153,35.19413776,,8
765,동래구,129.0535841,35.19733297,,8
766,동래구,129.0654181,35.19767834,,8
767,동래구,129.0570657,35.19499045,,8
768,동래구,129.0994819,35.19402801,,8
769,동래구,129.109175,35.20367308,,8
770,동래구,129.0727914,35.2077903,,8
771,동래구,129.0538985,35.19920025,,8
772,동래구,129.0878922,35.19445972,,8
773,동래구,129.0548233,35.20004734,,8
774,동래구,129.1006371,35.2115406,,8
775,동래구,129.0842865,35.20038784,,8
776,동래구,129.0544937,35.1945046,,8
777,동래구,129.0978477,35.20756326,,8
778,동래구,129.0917604,35.20791753,,8
779,동래구,129.1007391,35.19376251,,8
780,동래구,129.1023335,35.195009,,8
781,동래구,129.0843048,35.19814808,,8
782,동래구,129.0695416,35.20500588,,8
783,동래구,129.0682485,35.20378038,,8
784,동래구,129.0851468,35.22202018,,8
785,동래구,129.107647,35.19239415,,8
786,동래구,129.1101227,35.19146869,,8
787,동래구,129.0939119,35.21249637,,8
788,동래구,129.0955224,35.20720839,,8
789,동래구,129.0775318,35.21324684,,8
790,동래구,129.0851927,35.20667589,,8
791,동래구,129.0559993,35.19478662,,8
792,동래구,129.0932429,35.20138602,,8
793,동래구,129.089547,35.20373496,,8
794,동래구,129.1044939,35.19949,,8
795,동래구,129.0583681,35.19511212,,8
796,동래구,129.0801372,35.21605256,,8
797,동래구,129.0796552,35.21884448,,8
798,동래구,129.0784192,35.2167749,,8
799,동래구,129.0791904,35.21401542,,8
800,동래구,129.0636184,35.20260448,,8
801,동래구,129.1135287,35.19919677,,8
802,동래구,129.07127,35.21224031,,8
803,동래구,129.0742332,35.21747618,,8
804,동래구,129.076557,35.21986146,,8
805,동래구,129.061805,35.20426271,,8
806,동래구,129.0772168,35.22311992,,8
807,동래구,129.0939653,35.19442764,,8
808,동래구,129.0640832,35.2090813,,8
809,동래구,129.1009679,35.20629424,,8
810,동래구,129.0881677,35.20412877,,8
811,동래구,129.0865858,35.19652399,,8
812,동래구,129.0604056,35.20274107,,8
813,동래구,129.0829646,35.20376699,,8
814,동래구,129.110592,35.202283,,8
815,동래구,129.0632762,35.19614168,,8
816,동래구,129.0610605,35.19585446,,8
817,동래구,129.1061916,35.19172221,,8
818,동래구,129.0694404,35.20188397,,8
819,동래구,129.0991764,35.19231468,,8
820,동래구,129.0958389,35.2111252,,8
821,동래구,129.107882,35.20459605,,8
822,동래구,129.0984523,35.19407471,,8
823,동래구,129.1044225,35.20147331,,8
824,동래구,129.112415,35.19892174,,8
825,동래구,129.1035147,35.20830568,,8
826,동래구,129.0842703,35.2048003,,8
827,동래구,129.0838378,35.20730468,,8
828,동래구,129.0586284,35.20164151,,8
829,동래구,129.1016619,35.19352649,,8
830,동래구,129.0984966,35.20871648,,8
831,동래구,129.0822467,35.20537478,,8
832,동래구,129.0557426,35.20082798,,8
833,동래구,129.0796951,35.21057395,,8
834,동래구,129.098359,35.19878708,,8
835,동래구,129.0995642,35.20064845,,8
836,동래구,129.102735,35.1998569,,8
837,동래구,129.1107584,35.19907577,,8
838,동래구,129.1040482,35.19417065,,8
839,동래구,129.1034392,35.19294819,,8
840,동래구,129.1051136,35.19230948,,8
841,동래구,129.1071188,35.1911664,,8
842,동래구,129.0834287,35.19726324,,8
843,동래구,129.0820457,35.20772657,,8
844,동래구,129.083137,35.21326205,,8
845,동래구,129.0840368,35.21584825,,8
846,동구,129.0521781,35.12597635,,8
847,동래구,129.0767298,35.21414883,,8
848,동래구,129.0730764,35.20908727,,8
849,동래구,129.0707814,35.21080848,,8
850,동래구,129.0702436,35.20947298,,8
851,동래구,129.0659101,35.21120254,,8
852,동래구,129.0649995,35.210374,,8
853,동래구,129.0695173,35.20364907,,8
854,동래구,129.0702466,35.19960169,,8
855,동래구,129.0707184,35.19835904,,8
856,동래구,129.0920198,35.19445507,,8
857,동래구,129.1119796,35.19454136,,8
858,동래구,129.0619358,35.19865113,,8
859,연제구,129.0669844,35.19301586,,8
860,동래구,129.064025,35.19466407,,8
861,동래구,129.1024095,35.20624249,,8
862,동래구,129.0995684,35.20481789,,8
863,동래구,129.1013668,35.20464292,,8
864,동래구,129.0994919,35.20264692,,8
865,동래구,129.0982309,35.20095901,,8
866,동래구,129.1087712,35.19533757,,8
867,동래구,129.104158,35.19662539,,8
868,동래구,129.1014045,35.19702103,,8
869,동래구,129.0907599,35.20022907,,8
870,동래구,129.0888335,35.20081847,,8
871,동래구,129.0838462,35.20178031,,8
872,동래구,129.0744817,35.20588936,,8
873,동래구,129.0695672,35.20816299,,8
874,동래구,129.0689448,35.20682041,,8
875,동래구,129.0681397,35.20566878,,8
876,동래구,129.0670929,35.20413402,,8
877,동래구,129.06544,35.20178373,,8
878,동래구,129.0645856,35.20051102,,8
879,동래구,129.0755045,35.19853013,,8
880,동래구,129.0663894,35.19527788,,8
881,동래구,129.0843892,35.21815559,,8
882,동래구,129.078666,35.21193233,,8
883,동래구,129.0779439,35.20449622,,8
884,동래구,129.0780117,35.19947735,,8
885,해운대구,129.1446604,35.15571037,,8
886,해운대구,129.1418241,35.16331667,,8
887,해운대구,129.1386971,35.21963592,,8
888,해운대구,129.1665344,35.17004942,,8
889,해운대구,129.1687303,35.16541504,,8
890,해운대구,129.1823164,35.16708591,,8
891,해운대구,129.1193205,35.20233524,,8
892,해운대구,129.1320477,35.16402031,,8
893,해운대구,129.1343715,35.1626599,,8
894,해운대구,129.1667048,35.16211153,,8
895,해운대구,129.1265371,35.18847125,,8
896,해운대구,129.1465784,35.15513424,,8
897,해운대구,129.1456497,35.15754471,,8
898,해운대구,129.1441599,35.1579205,,8
899,해운대구,129.1431986,35.15822929,,8
900,해운대구,129.1334526,35.16591489,,8
901,동구,129.0549106,35.12641018,,8
902,해운대구,129.1267924,35.17984359,,8
903,해운대구,129.1298785,35.2199872,,8
904,해운대구,129.1167507,35.19655524,,8
905,해운대구,129.1206344,35.204556,,8
906,해운대구,129.1264733,35.18320368,,8
907,해운대구,129.1183962,35.18435917,,8
908,해운대구,129.1498879,35.23026894,,8
909,해운대구,129.1566977,35.16403871,,8
910,해운대구,129.1294115,35.19312493,,8
911,해운대구,129.1525218,35.22974758,,8
912,해운대구,129.1396964,35.16482499,,8
913,해운대구,129.203888,35.18979471,,8
914,해운대구,129.126708,35.21244204,,8
915,해운대구,129.1465986,35.22746537,,8
916,해운대구,129.1837498,35.17462502,,8
917,해운대구,129.1179283,35.19800755,,8
918,해운대구,129.1272166,35.22746665,,8
919,해운대구,129.1362643,35.16324611,,8
920,해운대구,129.1658731,35.16087521,,8
921,해운대구,129.1173081,35.18698075,,8
922,해운대구,129.1179784,35.19332139,,8
923,해운대구,129.1187769,35.19749822,,8
924,해운대구,129.1427672,35.15475673,,8
925,해운대구,129.143337,35.15610645,,8
926,해운대구,129.1485409,35.1567604,,8
927,해운대구,129.1822107,35.1646905,,8
928,해운대구,129.1591625,35.23588344,,8
929,북구,129.0332691,35.20312964,,8
930,연제구,129.0889493,35.19179036,,8
931,북구,128.9956275,35.19792497,,8
932,강서구,128.8236295,35.10174993,,8
933,연제구,129.1129756,35.17776446,,8
934,연제구,129.077898,35.18139765,,8
935,수영구,129.1228127,35.16954975,,8
936,수영구,129.1169557,35.17962543,,8
937,수영구,129.120485,35.1716281,,8
938,수영구,129.1197801,35.16982294,,8
939,연제구,129.069643,35.18694411,,8
940,수영구,129.1037924,35.17270613,,8
941,연제구,129.0641679,35.17960666,,8
942,연제구,129.0784241,35.18940155,,8
943,연제구,129.0749949,35.1926579,,8
944,연제구,129.0729918,35.1906417,,8
945,동래구,129.0625929,35.19176223,,8
946,동래구,129.0599542,35.19117979,,8
947,연제구,129.0547052,35.18629689,,8
948,부산진구,129.0529479,35.18476648,,8
949,연제구,129.0563654,35.18740767,,8
950,연제구,129.0651755,35.19052329,,8
951,동래구,129.0646889,35.19218084,,8
952,연제구,129.0704621,35.19018202,,8
953,수영구,129.1155043,35.17958537,,8
954,연제구,129.097658,35.18793492,,8
955,수영구,129.1031187,35.17007336,,8
956,연제구,129.0825857,35.18678371,,8
957,연제구,129.1079837,35.18792219,,8
958,동래구,129.1136934,35.18438047,,8
959,동래구,129.1154573,35.1834933,,8
960,수영구,129.1019913,35.17307414,,8
961,연제구,129.0936795,35.17375454,,8
962,수영구,129.099175,35.17315589,,8
963,수영구,129.1106696,35.1705071,,8
964,수영구,129.120817,35.17026944,,8
965,해운대구,129.1180064,35.17666635,,8
966,연제구,129.0794924,35.186842,,8
967,연제구,129.1011927,35.18565778,,8
968,연제구,129.0835902,35.19215877,,8
969,연제구,129.0849785,35.19194202,,8
970,연제구,129.0864807,35.19182668,,8
971,연제구,129.0723911,35.18063612,,8
972,연제구,129.0771477,35.18770257,,8
973,수영구,129.1190221,35.17194029,,8
974,연제구,129.0878308,35.18947364,,8
975,연제구,129.0896033,35.17688209,,8
976,연제구,129.0893098,35.17805166,,8
977,연제구,129.087286,35.18270714,,8
978,연제구,129.0872953,35.18567268,,8
979,동래구,129.1071612,35.19007488,,8
980,연제구,129.107052,35.18315533,,8
981,연제구,129.071717,35.18962902,,8
982,연제구,129.0839341,35.18102635,,8
983,수영구,129.1085697,35.17303266,,8
984,연제구,129.0810486,35.18865476,,8
985,수영구,129.1197649,35.16840216,,8
986,연제구,129.0842108,35.17497841,,8
987,부산진구,129.0678593,35.17700492,,8
988,수영구,129.1052087,35.17235733,,8
989,수영구,129.1076066,35.17504752,,8
990,연제구,129.0955642,35.18846824,,8
991,연제구,129.0935974,35.18897421,,8
992,연제구,129.0844621,35.17976034,,8
993,동구,129.0597542,35.14139884,,8
994,수영구,129.0981465,35.17319298,,8
995,연제구,129.0922517,35.17393313,,8
996,연제구,129.089457,35.17429733,,8
997,연제구,129.0865628,35.17466368,,8
998,연제구,129.0818797,35.17523094,,8
999,연제구,129.0712971,35.18550277,,8
1000,부산진구,129.0755714,35.17853981,,8
1001,연제구,129.0691403,35.18030555,,8
1002,수영구,129.1122708,35.16937203,,8
1003,연제구,129.0809863,35.19602771,,8
1004,북구,129.0075965,35.21064254,,8
1005,북구,129.0239704,35.21363611,,8
1006,북구,129.0185787,35.21315186,,8
1007,북구,129.0202404,35.2132603,,8
1008,북구,129.0094828,35.22707023,,8
1009,북구,129.0224466,35.20998042,,8
1010,북구,129.0071888,35.19867717,,8
1011,북구,129.0110851,35.24754617,,8
1012,북구,129.0096675,35.24022211,,8
1013,북구,129.0084653,35.23640155,,8
1014,북구,128.9959975,35.20583668,,8
1015,북구,129.0109208,35.23497835,,8
1016,북구,129.0122887,35.2356768,,8
1017,북구,129.0120595,35.23403279,,8
1018,북구,129.0332013,35.20399778,,8
1019,북구,129.0188408,35.23471667,,8
1020,북구,129.002171,35.20467268,,8
1021,북구,129.0076176,35.23188747,,8
1022,북구,129.010234,35.23161929,,8
1023,북구,129.0072982,35.22963369,,8
1024,북구,129.0098348,35.22941187,,8
1025,북구,129.0067906,35.22699948,,8
1026,북구,129.0075398,35.22449382,,8
1027,북구,129.0151804,35.24033891,,8
1028,북구,129.0120453,35.2348472,,8
1029,북구,129.0151176,35.24182123,,8
1030,북구,129.0139529,35.22435682,,8
1031,북구,129.0347841,35.21054214,,8
1032,북구,129.0019197,35.19782437,,8
1033,북구,129.035821,35.20787676,,8
1034,북구,129.0090897,35.21757394,,8
1035,북구,128.9995533,35.20048512,,8
1036,북구,129.0024524,35.19733173,,8
1037,북구,129.0116618,35.25678069,,8
1038,북구,129.0054728,35.21798205,,8
1039,북구,129.0328135,35.20520124,,8
1040,북구,129.0077375,35.21192804,,8
1041,북구,129.0089285,35.21224242,,8
1042,북구,129.0064891,35.21167181,,8
1043,북구,129.0044,35.2045986,,8
1044,북구,129.0162654,35.26052975,,8
1045,북구,129.0193385,35.26701929,,8
1046,북구,129.0290639,35.21173247,,8
1047,북구,129.005062,35.20786142,,8
1048,북구,129.0117145,35.21292842,,8
1049,중구,129.0354854,35.1029848,,8
1050,북구,129.0203208,35.26517939,,8
1051,북구,129.0140483,35.25229091,,8
1052,북구,129.0137104,35.25654899,,8
1053,북구,129.0145518,35.24965233,,8
1054,북구,129.0317445,35.21439176,,8
1055,북구,129.0186347,35.24096837,,8
1056,북구,129.0079246,35.20771657,,8
1057,북구,129.0109953,35.20857935,,8
1058,북구,129.0347442,35.21428315,,8
1059,북구,129.0191053,35.21426961,,8
1060,북구,129.0366653,35.21197553,,8
1061,북구,129.0100991,35.19552951,,8
1062,북구,129.0164501,35.26251989,,8
1063,북구,128.9957973,35.20271743,,8
1064,북구,129.0217403,35.21443212,,8
1065,북구,129.0174948,35.21015795,,8
1066,북구,129.0202121,35.21075748,,8
1067,북구,129.0135093,35.21340965,,8
1068,북구,129.0079958,35.19607521,,8
1069,북구,129.0044074,35.20237829,,8
1070,북구,128.9998895,35.20930246,,8
1071,북구,129.0028879,35.20958326,,8
1072,북구,129.0127503,35.20899156,,8
1073,북구,129.0299261,35.2141655,,8
1074,북구,129.0376381,35.21026441,,8
1075,북구,129.0348602,35.20974086,,8
1076,북구,129.0323911,35.21033854,,8
1077,북구,129.0297389,35.21065225,,8
1078,북구,129.016005,35.21277664,,8
1079,북구,129.0257646,35.21240601,,8
1080,북구,129.0101225,35.21279046,,8
1081,북구,129.0267943,35.21377902,,8
1082,북구,129.0090039,35.21648336,,8
1083,북구,129.0137077,35.25481488,,8
1084,북구,129.0146812,35.25802878,,8
1085,북구,128.9946633,35.19641492,,8
1086,북구,129.0175146,35.26789392,,8
1087,북구,129.0147613,35.26316159,,8
1088,북구,129.0105464,35.25310559,,8
1089,북구,129.012942,35.24755845,,8
1090,북구,129.0123309,35.25028578,,8
1091,북구,129.0129819,35.2448556,,8
1092,북구,129.0139897,35.24086157,,8
1093,북구,129.0139724,35.23823073,,8
1094,북구,129.0138183,35.23470572,,8
1095,북구,129.0133463,35.23237644,,8
1096,북구,129.0127662,35.23019703,,8
1097,북구,129.0122824,35.2285321,,8
1098,북구,129.0104435,35.22596123,,8
1099,북구,129.0091803,35.22362278,,8
1100,해운대구,129.1252563,35.16559081,,8
1101,북구,129.0044463,35.21454003,,8
1102,북구,129.0049046,35.21120043,,8
1103,북구,128.9910502,35.19885218,,8
1104,북구,128.9879689,35.1970397,,8
1105,북구,129.0375356,35.21295357,,8
1106,북구,129.0218409,35.21326484,,8
1107,북구,129.0105084,35.21143676,,8
1108,북구,129.0053412,35.21009762,,8
1109,북구,128.9913028,35.20037219,,8
1110,북구,128.9907216,35.1968137,,8
1111,남구,129.1086744,35.12980202,,8
1112,부산진구,129.0635569,35.14586621,,8
1113,남구,129.0763244,35.11251841,,8
1114,남구,129.0884612,35.1349393,,8
1115,수영구,129.1317595,35.15604677,,8
1116,남구,129.0997712,35.11852388,,8
1117,남구,129.1109676,35.11158229,,8
1118,남구,129.1110428,35.11636347,,8
1119,수영구,129.1189983,35.16441216,,8
1120,남구,129.0807858,35.13431177,,8
1121,남구,129.1125726,35.1242345,,8
1122,남구,129.1163604,35.12974412,,8
1123,남구,129.1154652,35.13302535,,8
1124,남구,129.1128032,35.13458085,,8
1125,수영구,129.1108889,35.14007999,,8
1126,남구,129.0900468,35.12675441,,8
1127,남구,129.11565,35.10264575,,8
1128,남구,129.1155936,35.10448176,,8
1129,남구,129.1169585,35.10150534,,8
1130,남구,129.1209128,35.10128386,,8
1131,남구,129.1055441,35.10696758,,8
1132,남구,129.0995613,35.1174536,,8
1133,남구,129.0837402,35.13585351,,8
1134,남구,129.0986459,35.12514636,,8
1135,남구,129.112664,35.10406274,,8
1136,남구,129.1100676,35.13366605,,8
1137,남구,129.1116591,35.13348418,,8
1138,남구,129.11227,35.13214458,,8
1139,남구,129.1113865,35.13126776,,8
1140,수영구,129.1293567,35.16140076,,8
1141,남구,129.1101422,35.13197823,,8
1142,남구,129.0809961,35.11965887,,8
1143,수영구,129.1146388,35.16477433,,8
1144,남구,129.0837353,35.13470719,,8
1145,남구,129.1121061,35.10825227,,8
1146,수영구,129.1102351,35.14743981,,8
1147,수영구,129.1167019,35.16791203,,8
1148,남구,129.1010169,35.12881262,,8
1149,남구,129.0648997,35.14583096,,8
1150,수영구,129.1200389,35.16111466,,8
1151,동구,129.0497243,35.13986505,,8
1152,남구,129.0868931,35.13620041,,8
1153,수영구,129.1332128,35.15696176,,8
1154,남구,129.1151027,35.13051078,,8
1155,남구,129.1135287,35.13141808,,8
1156,남구,129.1123341,35.13061959,,8
1157,남구,129.1116805,35.12974414,,8
1158,남구,129.0855741,35.13565288,,8
1159,남구,129.1172475,35.10796831,,8
1160,부산진구,129.0633098,35.14491425,,8
1161,남구,129.0648901,35.14501512,,8
1162,남구,129.089586,35.13806661,,8
1163,해운대구,129.1517777,35.1579345,,8
1164,수영구,129.1309504,35.15894283,,8
1165,남구,129.0713674,35.1439693,,8
1166,남구,129.0791766,35.1105164,,8
1167,남구,129.0726464,35.1455615,,8
1168,남구,129.0729034,35.1100284,,8
1169,남구,129.1102227,35.12809723,,8
1170,남구,129.0994232,35.12327313,,8
1171,남구,129.0955039,35.13017008,,8
1172,남구,129.1140429,35.12819085,,8
1173,남구,129.0788595,35.10857526,,8
1174,남구,129.0834211,35.10872873,,8
1175,남구,129.0931671,35.12895935,,8
1176,남구,129.0706139,35.13088147,,8
1177,남구,129.0869356,35.12919138,,8
1178,남구,129.0727076,35.14131687,,8
1179,수영구,129.1194168,35.15426334,,8
1180,남구,129.0765839,35.14436815,,8
1181,남구,129.1005064,35.12007715,,8
1182,남구,129.1115612,35.11800632,,8
1183,남구,129.0798574,35.12625306,,8
1184,남구,129.0816665,35.12738153,,8
1185,남구,129.0850293,35.12843815,,8
1186,남구,129.0893449,35.13020924,,8
1187,남구,129.0808225,35.11058746,,8
1188,남구,129.0773842,35.11685502,,8
1189,남구,129.0748891,35.11615782,,8
1190,남구,129.0906373,35.11056547,,8
1191,북구,129.0045949,35.21506664,,8
1192,남구,129.0872101,35.11047356,,8
1193,수영구,129.117728,35.15271807,,8
1194,남구,129.0827586,35.12224365,,8
1195,동구,129.0644822,35.14142843,,8
1196,남구,129.091547,35.13680228,,8
1197,남구,129.0855591,35.13818504,,8
1198,남구,129.0821983,35.13838986,,8
1199,남구,129.0791504,35.14086339,,8
1200,남구,129.0762377,35.14341668,,8
1201,남구,129.081267,35.11615353,,8
1202,남구,129.0816566,35.1142581,,8
1203,남구,129.0831993,35.11063593,,8
1204,남구,129.0919256,35.10934991,,8
1205,남구,129.0930898,35.11062817,,8
1206,남구,129.0957525,35.11280059,,8
1207,남구,129.0953236,35.11507662,,8
1208,남구,129.094972,35.11660584,,8
1209,남구,129.0961323,35.11819212,,8
1210,남구,129.0989568,35.12116708,,8
1211,남구,129.1001681,35.12509323,,8
1212,수영구,129.1235918,35.15575212,,8
1213,남구,129.0978463,35.12250049,,8
1214,남구,129.0963697,35.12434879,,8
1215,남구,129.0956072,35.12658648,,8
1216,남구,129.0989506,35.1300841,,8
1217,남구,129.1014071,35.13008545,,8
1218,남구,129.1115929,35.10984719,,8
1219,남구,129.1110085,35.11306716,,8
1220,남구,129.1110196,35.11472156,,8
1221,남구,129.1120775,35.1196526,,8
1222,남구,129.1122573,35.12176515,,8
1223,남구,129.1126266,35.12489178,,8
1224,남구,129.1095128,35.1266201,,8
1225,남구,129.1069302,35.12860168,,8
1226,남구,129.1056278,35.12962034,,8
1227,남구,129.1024079,35.13107737,,8
1228,남구,129.1008905,35.13425062,,8
1229,수영구,129.11501,35.14104815,,8
1230,수영구,129.1150196,35.1436041,,8
1231,수영구,129.1148957,35.14554023,,8
1232,수영구,129.1145203,35.14771591,,8
1233,수영구,129.1182733,35.16633866,,8
1234,수영구,129.1198063,35.16195008,,8
1235,남구,129.0910767,35.12810373,,8
1236,남구,129.0961887,35.14653214,,8
1237,남구,129.0977527,35.14554006,,8
1238,수영구,129.1196394,35.15710614,,8
1239,수영구,129.1161055,35.155834,,8
1240,남구,129.0919679,35.13289438,,8
1241,남구,129.1111519,35.13591945,,8
1242,수영구,129.1148716,35.13951296,,8
1243,수영구,129.128813,35.16027043,,8
1244,수영구,129.1134978,35.15948026,,8
1245,수영구,129.1264236,35.15955915,,8
1246,수영구,129.1240312,35.15906044,,8
1247,수영구,129.1209397,35.15866658,,8
1248,수영구,129.1177661,35.15452992,,8
1249,수영구,129.1160751,35.15221446,,8
1250,수영구,129.1257207,35.15646538,,8
1251,수영구,129.1139616,35.14958646,,8
1252,수영구,129.1115793,35.14634801,,8
1253,남구,129.0672257,35.13449671,,8
1254,동구,129.0668504,35.13016741,,8
1255,남구,129.0680766,35.12632078,,8
1256,남구,129.0714229,35.12530049,,8
1257,남구,129.0766762,35.12457887,,8
1258,남구,129.0793132,35.12429176,,8
1259,남구,129.0811537,35.12177774,,8
1260,남구,129.085058,35.12298811,,8
1261,남구,129.0872198,35.12363637,,8
1262,남구,129.0886335,35.12470812,,8
1263,남구,129.092254,35.13013197,,8
1264,수영구,129.1229571,35.16631292,,8
1265,수영구,129.114947,35.1675049,,8
1266,수영구,129.1139859,35.16188775,,8
1267,수영구,129.1132763,35.15749486,,8
1268,수영구,129.1115122,35.15195357,,8
1269,수영구,129.1125067,35.1553921,,8
1270,수영구,129.1095434,35.14401806,,8
1271,수영구,129.1111368,35.15038319,,8
1272,남구,129.1058954,35.14042689,,8
1273,남구,129.1030979,35.13894033,,8
1274,남구,129.1014114,35.13847682,,8
1275,남구,129.0999979,35.13701955,,8
1276,남구,129.0918909,35.13510154,,8
1277,남구,129.0865039,35.13484262,,8
1278,남구,129.0768849,35.13428878,,8
1279,남구,129.0721063,35.13662828,,8
1280,부산진구,129.0666176,35.14785403,,8
1281,남구,129.0668161,35.1424651,,8
1282,남구,129.0667456,35.1449768,,8
1283,해운대구,129.1189086,35.1942592,,8
1284,해운대구,129.12087,35.21325774,,8
1285,동래구,129.1163764,35.19958018,,8
1286,해운대구,129.1760702,35.17642876,,8
1287,해운대구,129.1374639,35.21794646,,8
1288,해운대구,129.1535169,35.21988093,,8
1289,해운대구,129.1663503,35.16732046,,8
1290,해운대구,129.1403906,35.21802901,,8
1291,해운대구,129.1248494,35.21687253,,8
1292,해운대구,129.1231363,35.18354656,,8
1293,해운대구,129.115914,35.1939509,,8
1294,해운대구,129.1608585,35.16125443,,8
1295,해운대구,129.164753,35.16723651,,8
1296,해운대구,129.1691693,35.16768863,,8
1297,해운대구,129.1718115,35.16996002,,8
1298,해운대구,129.1779896,35.17037398,,8
1299,해운대구,129.1485643,35.22730812,,8
1300,해운대구,129.1312903,35.17474169,,8
1301,해운대구,129.1231296,35.19747324,,8
1302,해운대구,129.1467747,35.15721975,,8
1303,해운대구,129.1244243,35.20335346,,8
1304,해운대구,129.120625,35.19541336,,8
1305,해운대구,129.1169718,35.20409862,,8
1306,해운대구,129.116487,35.20259442,,8
1307,해운대구,129.1256263,35.20494776,,8
1308,해운대구,129.169496,35.1779811,,8
1309,해운대구,129.1755474,35.18001519,,8
1310,해운대구,129.1439781,35.16436688,,8
1311,해운대구,129.1226569,35.21324335,,8
1312,해운대구,129.2024263,35.18684134,,8
1313,해운대구,129.1125775,35.2045665,,8
1314,해운대구,129.1711836,35.16676119,,8
1315,해운대구,129.1198206,35.20486861,,8
1316,해운대구,129.1681471,35.16674485,,8
1317,해운대구,129.1247457,35.21524686,,8
1318,해운대구,129.1246443,35.21302779,,8
1319,해운대구,129.1743422,35.17651036,,8
1320,해운대구,129.1232095,35.19289914,,8
1321,해운대구,129.1785461,35.16294953,,8
1322,해운대구,129.1255874,35.18723591,,8
1323,해운대구,129.2058918,35.19732719,,8
1324,해운대구,129.1255362,35.21077405,,8
1325,해운대구,129.1217268,35.20953294,,8
1326,해운대구,129.1612814,35.16494827,,8
1327,해운대구,129.1279617,35.19152147,,8
1328,해운대구,129.1765006,35.17748752,,8
1329,해운대구,129.1748454,35.17793385,,8
1330,해운대구,129.171243,35.17681386,,8
1331,해운대구,129.1682211,35.17521285,,8
1332,해운대구,129.167311,35.17370061,,8
1333,해운대구,129.1669677,35.17237573,,8
1334,해운대구,129.1724096,35.17409465,,8
1335,해운대구,129.1704983,35.1730633,,8
1336,해운대구,129.1697494,35.1711469,,8
1337,해운대구,129.1671253,35.16788001,,8
1338,해운대구,129.182983,35.17608163,,8
1339,해운대구,129.1800599,35.17475718,,8
1340,해운대구,129.1780743,35.17382374,,8
1341,해운대구,129.1763971,35.17297108,,8
1342,해운대구,129.1741755,35.17186273,,8
1343,해운대구,129.182188,35.17162871,,8
1344,해운대구,129.1765574,35.16834635,,8
1345,해운대구,129.1719347,35.16642759,,8
1346,해운대구,129.1793723,35.16778122,,8
1347,해운대구,129.1627096,35.17016331,,8
1348,해운대구,129.1705143,35.16307809,,8
1349,해운대구,129.1694856,35.16446257,,8
1350,해운대구,129.1827908,35.16878852,,8
1351,해운대구,129.1804101,35.16453301,,8
1352,해운대구,129.1757505,35.16221112,,8
1353,해운대구,129.1734817,35.16174322,,8
1354,해운대구,129.1718274,35.16126136,,8
1355,해운대구,129.1254178,35.19442186,,8
1356,해운대구,129.1572555,35.16034887,,8
1357,해운대구,129.1575315,35.16566279,,8
1358,해운대구,129.144558,35.22133279,,8
1359,해운대구,129.205456,35.19513701,,8
1360,해운대구,129.1402561,35.17088316,,8
1361,해운대구,129.1990289,35.18079449,,8
1362,해운대구,129.1537682,35.2324334,,8
1363,해운대구,129.146699,35.2255659,,8
1364,해운대구,129.1483588,35.22533467,,8
1365,해운대구,129.1460713,35.22397654,,8
1366,해운대구,129.1234206,35.20830776,,8
1367,해운대구,129.1188438,35.19954621,,8
1368,해운대구,129.1314893,35.19987255,,8
1369,해운대구,129.1313159,35.19867978,,8
1370,해운대구,129.1310891,35.19739146,,8
1371,해운대구,129.130831,35.19608918,,8
1372,해운대구,129.1305452,35.19481147,,8
1373,해운대구,129.1284264,35.19494565,,8
1374,해운대구,129.1255849,35.18600683,,8
1375,해운대구,129.1262297,35.1843967,,8
1376,해운대구,129.1601563,35.16432815,,8
1377,해운대구,129.1627802,35.16580323,,8
1378,해운대구,129.2030044,35.18283426,,8
1379,해운대구,129.2011098,35.1839683,,8
1380,해운대구,129.1758034,35.16933547,,8
1381,해운대구,129.1598995,35.22941895,,8
1382,해운대구,129.1565565,35.2300174,,8
1383,해운대구,129.1572404,35.23054231,,8
1384,해운대구,129.2043458,35.19081745,,8
1385,해운대구,129.1636323,35.16098628,,8
1386,해운대구,129.161331,35.15976376,,8
1387,해운대구,129.1583465,35.15905703,,8
1388,해운대구,129.1553339,35.15851108,,8
1389,해운대구,129.1492691,35.15826965,,8
1390,해운대구,129.147361,35.15879939,,8
1391,해운대구,129.1448752,35.15951727,,8
1392,해운대구,129.1429461,35.16007255,,8
1393,해운대구,129.1402901,35.16218587,,8
1394,해운대구,129.1417907,35.16092996,,8
1395,해운대구,129.1589157,35.16365047,,8
1396,해운대구,129.156138,35.16211457,,8
1397,해운대구,129.1529378,35.16064367,,8
1398,해운대구,129.1500547,35.15969706,,8
1399,해운대구,129.1491618,35.16057114,,8
1400,해운대구,129.1461156,35.16230242,,8
1401,해운대구,129.1407327,35.16697928,,8
1402,해운대구,129.1388383,35.16877981,,8
1403,해운대구,129.1328964,35.17235601,,8
1404,해운대구,129.1265812,35.17840986,,8
1405,해운대구,129.1224812,35.1824346,,8
1406,해운대구,129.1210534,35.18507912,,8
1407,해운대구,129.120946,35.18789814,,8
1408,해운대구,129.1202975,35.19099202,,8
1409,해운대구,129.1184619,35.19605154,,8
1410,해운대구,129.1277552,35.21985423,,8
1411,해운대구,129.124736,35.21892898,,8
1412,영도구,129.0647086,35.0876794,,8
1413,영도구,129.041133,35.08591553,,8
1414,중구,129.0312908,35.1086969,,8
1415,수영구,129.1140668,35.17894846,,8
1416,연제구,129.112641,35.17712126,,8
1417,해운대구,129.1208925,35.17264077,,8
1418,해운대구,129.1193722,35.17447745,,8
1419,수영구,129.1142437,35.17375778,,8
1420,연제구,129.0737218,35.18865344,,8
1421,연제구,129.0730351,35.19384796,,8
1422,연제구,129.0695441,35.1935643,,8
1423,연제구,129.0740521,35.19152871,,8
1424,연제구,129.0613679,35.18888235,,8
1425,연제구,129.076289,35.19015583,,8
1426,연제구,129.1109095,35.18449512,,8
1427,연제구,129.0798271,35.19468137,,8
1428,연제구,129.1085509,35.18450111,,8
1429,연제구,129.1093047,35.18796467,,8
1430,연제구,129.082994,35.19412206,,8
1431,연제구,129.065525,35.18261084,,8
1432,연제구,129.0853207,35.18569986,,8
1433,연제구,129.0938835,35.1858496,,8
1434,부산진구,129.0774001,35.17696724,,8
1435,연제구,129.105428,35.1848513,,8
1436,연제구,129.0810229,35.19174222,,8
1437,연제구,129.1023801,35.18460778,,8
1438,연제구,129.1032207,35.18543832,,8
1439,연제구,129.0829621,35.17774196,,8
1440,연제구,129.0882715,35.17996458,,8
1441,연제구,129.0790062,35.18269448,,8
1442,연제구,129.0753083,35.18499765,,8
1443,연제구,129.0783671,35.19195704,,8
1444,연제구,129.0675612,35.19094386,,8
1445,부산진구,129.0788812,35.17564823,,8
1446,연제구,129.0683337,35.18851878,,8
1447,수영구,129.1092275,35.17153961,,8
1448,연제구,129.1072833,35.17710576,,8
1449,연제구,129.1071612,35.18094887,,8
1450,연제구,129.1071432,35.18527754,,8
1451,연제구,129.1071482,35.18788755,,8
1452,연제구,129.1025569,35.18772836,,8
1453,연제구,129.0910327,35.1902621,,8
1454,연제구,129.0871472,35.19032446,,8
1455,연제구,129.0851542,35.18880096,,8
1456,연제구,129.0829551,35.18338701,,8
1457,연제구,129.0855852,35.17727383,,8
1458,수영구,129.1006102,35.17312595,,8
1459,연제구,129.0812498,35.18551656,,8
1460,북구,129.0112631,35.23753625,,8
1461,북구,129.011409,35.24289729,,8
1462,북구,129.0116321,35.24025686,,8
1463,북구,128.9974317,35.20008978,,8
1464,남구,129.0676026,35.13694996,,8
1465,부산진구,129.0592073,35.15306798,,8
1466,부산진구,129.0591827,35.15703274,,8
1467,부산진구,129.0252824,35.15320409,,8
1468,부산진구,129.0490018,35.18146397,,8
1469,부산진구,129.0486062,35.1718324,,8
1470,부산진구,129.0311589,35.15128868,,8
1471,부산진구,129.060513,35.15937817,,8
1472,부산진구,129.0512131,35.18036858,,8
1473,부산진구,129.0691848,35.17054032,,8
1474,부산진구,129.0734587,35.17907903,,8
1475,부산진구,129.071971,35.17027393,,8
1476,부산진구,129.0734981,35.17377471,,8
1477,부산진구,129.0674174,35.17482152,,8
1478,부산진구,129.0711968,35.1729774,,8
1479,부산진구,129.0673445,35.17114128,,8
1480,부산진구,129.0693675,35.17386002,,8
1481,부산진구,129.0751633,35.1744292,,8
1482,부산진구,129.061314,35.17421128,,8
1483,부산진구,129.0648486,35.17479013,,8
1484,부산진구,129.0736501,35.17596805,,8
1485,부산진구,129.0558772,35.14840284,,8
1486,부산진구,129.0366097,35.15348306,,8
1487,부산진구,129.0503602,35.1666145,,8
1488,부산진구,129.0517865,35.16949618,,8
1489,부산진구,129.0243719,35.15552263,,8
1490,부산진구,129.0412553,35.15647076,,8
1491,부산진구,129.0490054,35.16980051,,8
1492,부산진구,129.0683901,35.15452425,,8
1493,부산진구,129.0618181,35.16258115,,8
1494,부산진구,129.0593196,35.14499486,,8
1495,부산진구,129.0302555,35.17317741,,8
1496,부산진구,129.031673,35.17650796,,8
1497,부산진구,129.0700906,35.16682359,,8
1498,부산진구,129.0705683,35.16067572,,8
1499,부산진구,129.0176241,35.14977194,,8
1500,부산진구,129.034122,35.16143856,,8
1501,부산진구,129.0300322,35.14959479,,8
1502,부산진구,129.0683647,35.150586,,8
1503,부산진구,129.064353,35.16304573,,8
1504,부산진구,129.0363748,35.15173765,,8
1505,부산진구,129.0298824,35.15118241,,8
1506,부산진구,129.0343617,35.14773638,,8
1507,부산진구,129.0517282,35.16415414,,8
1508,부산진구,129.0591942,35.15507584,,8
1509,동구,129.0617578,35.1413513,,8
1510,부산진구,129.0548574,35.17411588,,8
1511,부산진구,129.0240666,35.14822333,,8
1512,부산진구,129.0681339,35.15785148,,8
1513,부산진구,129.0321107,35.15424621,,8
1514,부산진구,129.0508378,35.18319683,,8
1515,부산진구,129.0319529,35.17312216,,8
1516,부산진구,129.0286312,35.17199803,,8
1517,부산진구,129.0332706,35.16919224,,8
1518,부산진구,129.0310225,35.17376616,,8
1519,부산진구,129.0347209,35.17016205,,8
1520,부산진구,129.0777478,35.17331247,,8
1521,부산진구,129.0363928,35.16247618,,8
1522,부산진구,129.0372128,35.1674942,,8
1523,부산진구,129.0489302,35.17476553,,8
1524,부산진구,129.0445324,35.15373748,,8
1525,부산진구,129.0308537,35.16360369,,8
1526,부산진구,129.0695782,35.16549616,,8
1527,부산진구,129.0217769,35.15052626,,8
1528,부산진구,129.0388001,35.15382572,,8
1529,부산진구,129.0397495,35.16309225,,8
1530,부산진구,129.0500995,35.17049186,,8
1531,부산진구,129.0495265,35.17257858,,8
1532,부산진구,129.0481665,35.17759328,,8
1533,부산진구,129.0617608,35.14496145,,8
1534,부산진구,129.0444085,35.16605279,,8
1535,부산진구,129.0493461,35.15034743,,8
1536,부산진구,129.0278562,35.16494235,,8
1537,부산진구,129.0577959,35.15448904,,8
1538,부산진구,129.0683978,35.15251075,,8
1539,부산진구,129.06316,35.16274756,,8
1540,부산진구,129.0653721,35.16318884,,8
1541,부산진구,129.0549998,35.16259694,,8
1542,부산진구,129.0541501,35.16416601,,8
1543,부산진구,129.0526335,35.16578351,,8
1544,부산진구,129.0489957,35.17367937,,8
1545,부산진구,129.0528617,35.17909557,,8
1546,부산진구,129.0539105,35.17762816,,8
1547,부산진구,129.0546533,35.17611666,,8
1548,부산진구,129.0486144,35.16678385,,8
1549,부산진구,129.0416218,35.16598437,,8
1550,부산진구,129.0392867,35.1654676,,8
1551,부산진구,129.0370304,35.16516314,,8
1552,부산진구,129.0342538,35.16492347,,8
1553,부산진구,129.0309708,35.16148943,,8
1554,부산진구,129.0201785,35.15126031,,8
1555,부산진구,129.0201688,35.1501229,,8
1556,부산진구,129.0198781,35.1469707,,8
1557,부산진구,129.0505146,35.16842657,,8
1558,부산진구,129.0221851,35.15541892,,8
1559,부산진구,129.0263506,35.15842755,,8
1560,부산진구,129.0316806,35.15932895,,8
1561,부산진구,129.0350505,35.16003472,,8
1562,부산진구,129.0400344,35.16156321,,8
1563,부산진구,129.0456071,35.16273297,,8
1564,부산진구,129.0497633,35.162225,,8
1565,부산진구,129.0501385,35.16000402,,8
1566,부산진구,129.0515663,35.15502214,,8
1567,부산진구,129.0547916,35.15181299,,8
1568,동래구,129.079928,35.20361627,,8
1569,부산진구,129.0578294,35.15067132,,8
1570,부산진구,129.0559164,35.14451623,,8
1571,부산진구,129.0554416,35.14685764,,8
1572,부산진구,129.0536799,35.14852563,,8
1573,부산진구,129.0524543,35.14994636,,8
1574,부산진구,129.0500553,35.15234093,,8
1575,부산진구,129.0506459,35.15746256,,8
1576,부산진구,129.0552241,35.17111946,,8
1577,부산진구,129.0589442,35.1715622,,8
1578,부산진구,129.0623269,35.15989883,,8
1579,부산진구,129.0624053,35.15591319,,8
1580,부산진구,129.062348,35.15448796,,8
1581,부산진구,129.0623369,35.1522534,,8
1582,부산진구,129.0654663,35.15209219,,8
1583,부산진구,129.059249,35.14725444,,8
1584,부산진구,129.0630506,35.14871612,,8
1585,부산진구,129.0655402,35.14950065,,8
1586,부산진구,129.0654396,35.15487985,,8
1587,부산진구,129.065404,35.15788709,,8
1588,부산진구,129.0654674,35.16069985,,8
1589,부산진구,129.0203557,35.15312766,,8
1590,부산진구,129.0296296,35.15349152,,8
1591,부산진구,129.0370046,35.15487341,,8
1592,부산진구,129.0414524,35.15561644,,8
1593,부산진구,129.0457733,35.15652867,,8
1594,부산진구,129.0547663,35.15761539,,8
1595,부산진구,129.0638981,35.16396973,,8
1596,부산진구,129.0621901,35.16162345,,8
1597,부산진구,129.0591775,35.15783921,,8
1598,동구,129.0425306,35.12199744,,8
1599,동구,129.0403573,35.13065321,,8
1600,동구,129.0491795,35.12904294,,8
1601,동구,129.033554,35.11712572,,8
1602,동구,129.0445573,35.12395309,,8
1603,동구,129.0510168,35.13093407,,8
1604,동구,129.0465139,35.12689964,,8
1605,동구,129.0565777,35.13870708,,8
1606,동구,129.0436255,35.13445999,,8
1607,동구,129.039634,35.11534248,,8
1608,동구,129.0462061,35.132177,,8
1609,동구,129.0548371,35.13488434,,8
1610,동구,129.0409788,35.12737383,,8
1611,동구,129.0470492,35.13666319,,8
1612,동구,129.0381991,35.12043076,,8
1613,동구,129.0391993,35.12647376,,8
1614,동구,129.0421016,35.13222056,,8
1615,동구,129.0425424,35.13363991,,8
1616,동구,129.0347997,35.12592158,,8
1617,동구,129.03328,35.12156765,,8
1618,동구,129.044465,35.12604702,,8
1619,동구,129.0563673,35.13118375,,8
1620,동구,129.0615249,35.13906251,,8
1621,동구,129.0457204,35.12566493,,8
1622,동구,129.0530922,35.13292731,,8
1623,동구,129.0562795,35.14192256,,8
1624,동구,129.0567013,35.13708046,,8
1625,동구,129.0635971,35.13709291,,8
1626,중구,129.0416093,35.11095596,,8
1627,동구,129.060941,35.1402615,,8
1628,동구,129.0599675,35.12993299,,8
1629,동구,129.0597319,35.13137108,,8
1630,동구,129.059394,35.13441763,,8
1631,동구,129.0587478,35.13710052,,8
1632,영도구,129.0784143,35.07199729,,8
1633,영도구,129.0718572,35.08872249,,8
1634,영도구,129.0772218,35.0836695,,8
1635,영도구,129.0753888,35.0756586,,8
1636,영도구,129.0749605,35.08049385,,8
1637,영도구,129.0733122,35.08641991,,8
1638,영도구,129.0646512,35.08907871,,8
1639,영도구,129.0412686,35.0829295,,8
1640,영도구,129.0558578,35.09793698,,8
1641,영도구,129.035432,35.08754896,,8
1642,영도구,129.0811766,35.0656221,,8
1643,영도구,129.0413972,35.08698351,,8
1644,영도구,129.04024,35.08410168,,8
1645,영도구,129.0744246,35.08078065,,8
1646,영도구,129.0753715,35.08421363,,8
1647,영도구,129.044903,35.0790689,,8
1648,영도구,129.0565182,35.09849618,,8
1649,영도구,129.066763,35.09402499,,8
1650,영도구,129.0686716,35.09335855,,8
1651,영도구,129.0667326,35.09482724,,8
1652,영도구,129.0630992,35.09644487,,8
1653,영도구,129.0603487,35.09768345,,8
1654,영도구,129.0587971,35.0986701,,8
1655,영도구,129.0578523,35.09948924,,8
1656,영도구,129.0655456,35.09473403,,8
1657,영도구,129.0425636,35.08237348,,8
1658,영도구,129.0667213,35.07108308,,8
1659,영도구,129.0647195,35.07519044,,8
1660,영도구,129.0449483,35.08987423,,8
1661,영도구,129.0427372,35.08318442,,8
1662,영도구,129.0790767,35.07119019,,8
1663,영도구,129.0451427,35.08765204,,8
1664,영도구,129.0759506,35.08564262,,8
1665,영도구,129.0642991,35.0693136,,8
1666,영도구,129.0414566,35.08187526,,8
1667,영도구,129.0737784,35.07886799,,8
1668,영도구,129.0747461,35.0731503,,8
1669,영도구,129.0648813,35.08647475,,8
1670,영도구,129.075845,35.07193132,,8
1671,영도구,129.0653973,35.07623515,,8
1672,영도구,129.044971,35.09605559,,8
1673,영도구,129.0682721,35.08447228,,8
1674,영도구,129.0619358,35.07165692,,8
1675,영도구,129.0695209,35.07116173,,8
1676,영도구,129.0376108,35.09147743,,8
1677,영도구,129.0669106,35.09021112,,8
1678,영도구,129.072116,35.0862818,,8
1679,영도구,129.0804647,35.0685239,,8
1680,영도구,129.0708505,35.08166305,,8
1681,영도구,129.0716833,35.07382573,,8
1682,영도구,129.071,35.0720455,,8
1683,영도구,129.0587534,35.07090127,,8
1684,영도구,129.0652182,35.09336129,,8
1685,영도구,129.0660783,35.09161366,,8
1686,영도구,129.0641513,35.09485172,,8
1687,영도구,129.052921,35.09541118,,8
1688,영도구,129.0477366,35.09450222,,8
1689,영도구,129.0444201,35.09291637,,8
1690,영도구,129.0422233,35.08815748,,8
1691,영도구,129.0394252,35.08701288,,8
1692,영도구,129.0384503,35.08990711,,8
1693,영도구,129.0383303,35.09267461,,8
1694,영도구,129.0370568,35.09393993,,8
1695,중구,129.0344794,35.1080945,,8
1696,중구,129.0375963,35.11037113,,8
1697,중구,129.0294792,35.11166152,,8
1698,중구,129.0300551,35.10292097,,8
1699,중구,129.0264176,35.10307829,,8
1700,중구,129.0286527,35.10581715,,8
1701,중구,129.0230477,35.1009224,,8
1702,중구,129.0250456,35.10123538,,8
1703,중구,129.0266037,35.10623012,,8
1704,중구,129.0291411,35.10407784,,8
1705,중구,129.0310552,35.10510139,,8
1706,중구,129.0353807,35.10927208,,8
1707,중구,129.034579,35.11202666,,8
1708,중구,129.0384348,35.11200008,,8
1709,중구,129.0361629,35.1071494,,8
1710,중구,129.0362576,35.10509721,,8
1711,중구,129.0286969,35.09784561,,8
1712,중구,129.025732,35.09713529,,8
1713,중구,129.0247512,35.0996063,,8
1714,중구,129.0223239,35.10740495,,8
1715,중구,129.0239025,35.10568433,,8
1716,중구,129.0252604,35.10311058,,8
1717,중구,129.0279593,35.10300847,,8
1718,중구,129.0401685,35.10778,,8
1719,중구,129.0391066,35.10557236,,8
1720,중구,129.0375688,35.10513285,,8
1721,중구,129.0375865,35.10286963,,8
1722,중구,129.0321363,35.1028307,,8
1723,중구,129.0369944,35.09924031,,8
1724,중구,129.0355822,35.09800495,,8
1725,사상구,128.9846208,35.16209154,,8
1726,해운대구,129.1199484,35.20996081,,8
1727,해운대구,129.1193252,35.21764979,,8
1728,영도구,129.0627166,35.09591008,,8
1729,부산진구,129.0623533,35.15070475,,8
1730,해운대구,129.1679577,35.17983165,,8
1731,해운대구,129.122191,35.20399076,,8
1732,해운대구,129.1231012,35.19956296,,8
1733,해운대구,129.1294012,35.16979421,,8
1734,해운대구,129.1312719,35.17058272,,8
1735,해운대구,129.1329482,35.1696016,,8
1736,해운대구,129.1420184,35.15718022,,8
1737,해운대구,129.1456182,35.15450387,,8
1738,해운대구,129.1479977,35.15984092,,8
1739,해운대구,129.1637078,35.16389062,,8
1740,해운대구,129.1680919,35.16354617,,8
1741,해운대구,129.174039,35.16809384,,8
1742,해운대구,129.1756081,35.16498783,,8
1743,해운대구,129.1771012,35.16648035,,8
1744,해운대구,129.1781434,35.16396845,,8
1745,해운대구,129.1775477,35.16317828,,8
1746,해운대구,129.1844577,35.16603691,,8
1747,해운대구,129.185662,35.16460542,,8
1748,서구,129.0090753,35.10806577,,8
1749,영도구,129.036769,35.09007597,,8
1750,영도구,129.0728804,35.08470673,,8
1751,영도구,129.0763035,35.08177523,,8
1752,기장군,129.2592521,35.31681096,,8
1753,기장군,129.2316008,35.27469193,,8
1754,기장군,129.2301568,35.27326641,,8
1755,기장군,129.1668917,35.3341823,,8
1756,기장군,129.1965651,35.32319676,,8
1757,기장군,129.2091349,35.24696687,,8
1758,사상구,128.9758893,35.16338604,,8
1759,사하구,128.951891,35.0858679,,8
1760,사하구,128.9583347,35.10093682,,8
1761,사하구,128.9729967,35.08982057,,8
1762,사하구,128.9650919,35.08548474,,8
1763,사하구,128.9608216,35.11486298,,8
1764,사하구,128.9868242,35.09911868,,8
1765,금정구,129.1059956,35.26422353,,8
1766,금정구,129.0948157,35.22042837,,8
1767,북구,129.0138976,35.24737605,,8
1768,북구,129.0096042,35.2279971,,8
1769,북구,129.0258749,35.20821855,,8
1770,사하구,128.970849,35.05697219,,8
1771,사하구,128.9620434,35.11484055,,8
1772,사하구,128.9582844,35.09903323,,8
1773,사하구,128.9727571,35.08521247,,8
1774,기장군,129.2297287,35.27005676,,8
1775,동구,129.0446416,35.11666379,,8
1776,동구,129.0464472,35.11907612,,8
1777,사상구,128.9898899,35.17080993,,8
1778,사하구,128.9746365,35.06081045,,8
1779,해운대구,129.1564557,35.23413824,,8
1780,해운대구,129.1244603,35.17661194,,8
1781,해운대구,129.1285991,35.17082506,,8
1782,해운대구,129.1302322,35.17169866,,8
1783,해운대구,129.1324414,35.171183,,8
1784,해운대구,129.1291465,35.16738706,,8
1785,해운대구,129.1314182,35.16644037,,8
1786,해운대구,129.1324727,35.1670347,,8
1787,해운대구,129.1353084,35.16681958,,8
1788,기장군,129.1627567,35.34011588,,8
1789,기장군,129.1611666,35.34007631,,8
1790,기장군,129.1601985,35.34234986,,8
1791,기장군,129.1627789,35.33718885,,8
1792,기장군,129.1613005,35.33714547,,8
1793,기장군,129.1694657,35.33494581,,8
1794,기장군,129.1681147,35.33443548,,8
1795,기장군,129.1657949,35.33386195,,8
1796,기장군,129.1620772,35.33333405,,8
1797,기장군,129.1651063,35.33522921,,8
1798,기장군,129.1648163,35.32792311,,8
1799,기장군,129.1633748,35.33034411,,8
1800,기장군,129.1725603,35.31939211,,8
1801,기장군,129.1728074,35.32297442,,8
1802,기장군,129.1692508,35.3220228,,8
1803,동래구,129.0903864,35.21381128,,8
1804,기장군,129.1702503,35.32605997,,8
1805,기장군,129.1670799,35.32468435,,8
1806,기장군,129.174339,35.32786569,,8
1807,기장군,129.1847018,35.32234822,,8
1808,기장군,129.1840597,35.31945735,,8
1809,기장군,129.1810037,35.31973872,,8
1810,기장군,129.1783842,35.320526,,8
1811,기장군,129.1777553,35.31931718,,8
1812,기장군,129.1766704,35.31730622,,8
1813,기장군,129.1794297,35.32229863,,8
1814,강서구,128.8347503,35.07800196,,8
1815,강서구,128.8182649,35.08604612,,8
1816,강서구,128.8242842,35.08612957,,8
1817,강서구,128.8311529,35.08716774,,8
1818,강서구,128.8264604,35.08318818,,8
1819,강서구,128.8346961,35.08309538,,8
1820,기장군,129.1851458,35.32369819,,8
1821,기장군,129.1890049,35.32077989,,8
1822,기장군,129.1915664,35.32022404,,8
1823,기장군,129.1915444,35.32178219,,8
1824,기장군,129.1939386,35.32244234,,8
1825,기장군,129.162834,35.33856041,,8
1826,기장군,129.1890055,35.32466229,,8
1827,기장군,129.190708,35.32334664,,8
1828,기장군,129.1652869,35.3395676,,8
1829,기장군,129.1668279,35.33866462,,8
1830,기장군,129.1683898,35.33640905,,8
1831,기장군,129.2149328,35.32213362,,8
1832,기장군,129.1769803,35.326609,,8
1833,해운대구,129.1225002,35.17910747,,8
1834,해운대구,129.123298,35.18015597,,8
1835,기장군,129.1719105,35.23940346,,8
1836,기장군,129.1709253,35.23940666,,8
1837,사하구,128.9556705,35.09646868,,8
1838,기장군,129.1690484,35.23950173,,8
1839,금정구,129.0874003,35.2755214,,8
1840,동래구,129.0884453,35.21520034,,8
1841,강서구,128.8232821,35.10047963,,8
1842,사상구,128.9772821,35.13927487,,8
1843,사상구,128.9885677,35.18213356,,8
1844,사상구,128.9794316,35.14127008,,8
1845,강서구,128.8782435,35.10398642,,8
1846,강서구,128.8782865,35.10607413,,8
1847,강서구,128.8782253,35.11099778,,8
1848,수영구,129.1080428,35.17408676,,8
1849,강서구,128.8182794,35.08455753,,8
1850,강서구,128.9056411,35.08667355,,8
1851,남구,129.0798203,35.11941095,,8
1852,서구,129.02516,35.08035445,,8
1853,서구,129.02495,35.07896957,,8
1854,서구,129.0208246,35.09787323,,8
1855,기장군,129.1614718,35.34242991,,8
1856,기장군,129.1592028,35.34417476,,8
1857,서구,129.0228005,35.09657214,,8
1858,기장군,129.1763582,35.32202248,,8
1859,기장군,129.1762753,35.32374358,,8
1860,사상구,128.9952172,35.1555774,,8
1861,사상구,128.9967711,35.15410741,,8
1862,사상구,128.9783008,35.12826629,,8
1863,사상구,128.9764635,35.12541629,,8
1864,해운대구,129.1516821,35.23122818,,8
1865,해운대구,129.1789489,35.16528721,,8
1866,사상구,128.9689034,35.14497547,,8
1867,사상구,128.9847658,35.19168481,,8
1868,사상구,128.9815542,35.18207061,,8
1869,사상구,128.9755258,35.14271843,,8
1870,기장군,129.177872,35.32618298,,8
1871,남구,129.1043227,35.10759056,,8
1872,해운대구,129.145281,35.16053492,,8
1873,북구,129.0082349,35.22063813,,8
1874,강서구,128.8962222,35.08665872,,8
1875,강서구,128.8753235,35.0813275,,8
1876,강서구,128.8729647,35.0824981,,8
1877,강서구,128.8747771,35.0833288,,8
1878,강서구,128.8730583,35.0856811,,8
1879,강서구,128.8730713,35.0875423,,8
1880,강서구,128.8490722,35.13970962,,8
1881,강서구,128.8220542,35.09803206,,8
1882,강서구,128.8507344,35.12442631,,8
1883,강서구,128.8688063,35.10163908,,8
1884,수영구,129.11231,35.17414262,,8
1885,사하구,129.0090427,35.08408774,,8
1886,사하구,128.9936741,35.09635764,,8
1887,사하구,128.9771572,35.10226556,,8
1888,금정구,129.1272832,35.23241538,,8
1889,기장군,129.1752672,35.32739021,,8
1890,기장군,129.1735076,35.32749916,,8
1891,기장군,129.1741585,35.32061785,,8
1892,동래구,129.0814888,35.20293652,,8
1893,동래구,129.0840507,35.22008731,,8
1894,동래구,129.0925788,35.21340226,,8
1895,동래구,129.1035383,35.2090868,,8
1896,동래구,129.0860757,35.20548804,,8
1897,동래구,129.0866234,35.20120367,,8
1898,동래구,129.0951527,35.19700662,,8
1899,수영구,129.1172364,35.17663922,,8
1900,동래구,129.0576474,35.19701816,,8
1901,강서구,128.8559775,35.16090402,,8
1902,강서구,128.8546996,35.15792363,,8
1903,강서구,128.8565377,35.15781376,,8
1904,강서구,128.8580757,35.15897108,,8
1905,사하구,128.9690012,35.04864736,,8
1906,강서구,128.8596584,35.16016557,,8
1907,강서구,128.8635232,35.15968558,,8
1908,강서구,128.8616968,35.15841068,,8
1909,강서구,128.8600205,35.15715836,,8
1910,강서구,128.8586062,35.15609584,,8
1911,강서구,128.8593426,35.15361269,,8
1912,강서구,128.8612547,35.15360661,,8
1913,강서구,128.859408,35.15019008,,8
1914,강서구,128.8613471,35.15016318,,8
1915,강서구,128.8613945,35.14380724,,8
1916,강서구,128.8593065,35.13677721,,8
1917,강서구,128.8577952,35.13560776,,8
1918,강서구,128.856593,35.13471269,,8
1919,강서구,128.8543787,35.13271723,,8
1920,강서구,128.8531739,35.13186124,,8
1921,강서구,128.8539009,35.12867639,,8
1922,강서구,128.8620606,35.09346548,,8
1923,해운대구,129.131505,35.1723572,,8
1924,강서구,128.903593,35.08902206,,8
1925,강서구,128.8774473,35.0833287,,8
1926,강서구,128.8799203,35.08566414,,8
1927,강서구,128.8760579,35.08744252,,8
1928,강서구,128.8798538,35.08733716,,8
1929,강서구,128.8819216,35.08742796,,8
1930,강서구,128.8819238,35.08568799,,8
1931,강서구,128.8798216,35.08137964,,8
1932,강서구,128.8775151,35.08143592,,8
1933,해운대구,129.1745357,35.1747778,,8
1934,연제구,129.1154113,35.18204534,,8
1935,수영구,129.1161682,35.18101095,,8
1936,연제구,129.0971885,35.18565732,,8
1937,연제구,129.0958504,35.185718,,8
1938,사상구,128.9883202,35.17358069,,8
1939,금정구,129.0879238,35.2195723,,8
1940,동래구,129.0867068,35.21786651,,8
1941,남구,129.094611,35.13539202,,8
1942,남구,129.0967995,35.13588727,,8
1943,사하구,128.9973383,35.10195018,,8
1944,금정구,129.092764,35.26723918,,8
1945,북구,129.024946,35.21115768,,8
1946,사하구,128.9901664,35.08126734,,8
1947,서구,129.0199393,35.10270584,,8
1948,부산진구,129.0674819,35.16853423,,8
1949,부산진구,129.062362,35.15778439,,8
1950,동구,129.0594446,35.13804119,,8
1951,영도구,129.0425716,35.09076492,,8
1952,영도구,129.0396554,35.09219758,,8
1953,동래구,129.0825205,35.21005624,,8
1954,동래구,129.0733966,35.21262537,,8
1955,동래구,129.0722937,35.19667186,,8
1956,기장군,129.169423,35.32996503,,8
1957,기장군,129.1681087,35.32936651,,8
1958,기장군,129.2823214,35.3295122,,8
1959,기장군,129.1800187,35.31662419,,8
1960,기장군,129.1845903,35.31684279,,8
1961,기장군,129.1922016,35.31796548,,8
1962,기장군,129.2007256,35.31958876,,8
1963,사상구,129.011308,35.15119749,,8
1964,기장군,129.208269,35.32079054,,8
1965,기장군,129.2104003,35.32082942,,8
1966,해운대구,129.1220941,35.18175525,,8
1967,해운대구,129.1212281,35.18119804,,8
1968,해운대구,129.1261749,35.1767249,,8
1969,해운대구,129.1266307,35.17507993,,8
1970,해운대구,129.124491,35.17394419,,8
1971,해운대구,129.1295487,35.17350482,,8
1972,해운대구,129.1274766,35.17231761,,8
1973,해운대구,129.1274318,35.16944831,,8
1974,해운대구,129.1336698,35.16764825,,8
1975,해운대구,129.1484411,35.22975766,,8
1976,연제구,129.0879629,35.18712431,,8
1977,부산진구,129.0562025,35.16130193,,8
1978,부산진구,129.0605275,35.1657486,,8
1979,부산진구,129.0598811,35.16647062,,8
1980,부산진구,129.0586588,35.16597014,,8
1981,부산진구,129.0557111,35.16466881,,8
1982,사상구,128.9906727,35.15460348,,8
1983,사상구,128.975733,35.16567753,,8
1984,사상구,128.9615941,35.12262523,,8
1985,사상구,128.9677911,35.12449179,,8
1986,사상구,128.9796845,35.16277595,,8
1987,사상구,129.0144121,35.15326584,,8
1988,사상구,128.9704212,35.14015731,,8
1989,사상구,128.9935853,35.13734999,,8
1990,사상구,128.9741991,35.13404881,,8
1991,사상구,128.9885276,35.16400741,,8
1992,사상구,128.9867503,35.15409182,,8
1993,남구,129.0784267,35.12100628,,8
1994,중구,129.0328771,35.10713192,,8
1995,중구,129.0251598,35.09827106,,8
1996,강서구,128.8244366,35.08328141,,8
1997,강서구,128.8248115,35.08455035,,8
1998,강서구,128.8347177,35.07082147,,8
1999,강서구,128.8390362,35.15070803,,8
2000,강서구,128.8395362,35.14871831,,8
2001,기장군,129.1695043,35.32569187,,8
2002,기장군,129.1680247,35.32503845,,8
2003,기장군,129.1738097,35.32235484,,8
2004,기장군,129.1764208,35.31979626,,8
2005,기장군,129.175625,35.32285329,,8
2006,해운대구,129.1247976,35.17818712,,8
2007,강서구,128.8182668,35.08323461,,8
2008,강서구,128.8206098,35.08455291,,8
2009,해운대구,129.177087,35.16437952,,8
2010,부산진구,129.0570705,35.16024623,,8
2011,부산진구,129.0653974,35.16616121,,8
2012,부산진구,129.0660172,35.16588217,,8
2013,기장군,129.2561466,35.37438438,,8
2014,기장군,129.2561635,35.3718886,,8
2015,기장군,129.2561538,35.36952996,,8
2016,기장군,129.2561478,35.36716722,,8
2017,기장군,129.2545346,35.36708401,,8
2018,사상구,128.9820946,35.14192696,,8
2019,강서구,128.8227917,35.06422915,,8
2020,강서구,128.8830413,35.10393488,,8
2021,강서구,128.8707438,35.10076169,,8
2022,연제구,129.0911156,35.18864534,,8
2023,사하구,128.9603786,35.06266598,,8
2024,사하구,128.9605364,35.09872643,,8
2025,기장군,129.2204384,35.24125752,,8
2026,사하구,128.9952273,35.0858255,,8
2027,사하구,128.9909926,35.08268576,,8
2028,사하구,128.9599627,35.06407007,,8
2029,사하구,128.965871,35.04822271,,8
2030,강서구,128.8344919,35.1507059,,8
2031,강서구,128.8360748,35.15041814,,8
2032,강서구,128.845094,35.14425412,,8
2033,강서구,128.8614002,35.14150369,,8
2034,강서구,128.8830386,35.10608291,,8
2035,강서구,128.8308622,35.08464839,,8
2036,강서구,128.8316274,35.06735177,,8
2037,사상구,128.9884826,35.17585084,,8
2038,사상구,128.9940852,35.18447453,,8
2039,사상구,128.9828219,35.15412362,,8
2040,사상구,128.9833409,35.1410327,,8
2041,사상구,128.9796456,35.15850839,,8
2042,사상구,128.9733294,35.14350447,,8
2043,사상구,128.9759889,35.13630398,,8
2044,사상구,128.9792489,35.13882065,,8
2045,사상구,128.9821164,35.14019883,,8
2046,사상구,128.9847421,35.14612978,,8
2047,사상구,128.9850688,35.14750473,,8
2048,사상구,128.9860786,35.19299598,,8
2049,사상구,128.988325,35.17067168,,8
2050,사상구,128.9752353,35.15928851,,8
2051,사상구,128.9847626,35.15736905,,8
2052,사하구,128.9843396,35.09652004,,8
2053,강서구,128.8149999,35.08451298,,8
2054,기장군,129.2791503,35.32767212,,8
2055,북구,129.0062376,35.19854046,,8
2056,해운대구,129.144054,35.22179538,,8
2057,연제구,129.0817373,35.18607392,,8
2058,해운대구,129.1435312,35.16369492,,8
2059,동래구,129.0970881,35.19840829,,8
2060,남구,129.0804127,35.11879228,,8
2061,영도구,129.0606495,35.09676238,,8
2062,강서구,128.8694905,35.08893645,,8
2063,해운대구,129.1813963,35.16363422,,8
2064,동래구,129.0879893,35.21118235,,8
2065,기장군,129.2807305,35.3287483,,8
2066,해운대구,129.1785965,35.16134037,,8
2067,해운대구,129.1806218,35.16275515,,8
2068,해운대구,129.1796932,35.16192651,,8
2069,해운대구,129.1763133,35.16126795,,8
2070,강서구,128.8771652,35.08897272,,8
2071,동래구,129.0867658,35.21645497,,8
2072,강서구,128.8827506,35.08899013,,8
2073,강서구,128.86252,35.08895424,,8
2074,강서구,128.8559095,35.08903715,,8
2075,부산진구,129.0608003,35.1582735,,8
2076,동구,129.0468027,35.13090477,,8
2077,사하구,129.0060504,35.08257633,,8
2078,동래구,129.0574756,35.20018071,,8
2079,,129.1124615,35.13617105,,8
2080,남구,129.0634894,35.14641156,,8
2081,기장군,129.1678846,35.23783916,,8
2082,금정구,129.076436,35.23135086,,8
2083,동구,129.0433358,35.11445122,,8
2084,북구,129.0155224,35.23450677,,8
2085,북구,129.0339829,35.20961593,,8
2086,북구,129.0340497,35.20818717,,8
2087,기장군,129.1903659,35.25171847,,8
2088,북구,129.0340459,35.2068758,,8
2089,연제구,129.0978519,35.18996604,,8
2090,연제구,129.1003575,35.18956805,,8
2091,연제구,129.0996501,35.19122828,,8
2092,기장군,129.2448127,35.31363361,,8
2093,,129.2605699,35.31672208,,8
2094,기장군,129.2607783,35.31711443,,8
2095,강서구,128.9175858,35.09829863,,8
2096,강서구,128.9193193,35.11060238,,8
2097,강서구,128.9185155,35.10487832,,8
2098,강서구,128.921043,35.10460622,,8
2099,수영구,129.1125115,35.13714119,,8
2100,강서구,128.915936,35.09605315,,8
2101,,129.2437616,35.31589829,,8
2102,,129.2422534,35.31724248,,8
2103,사하구,128.9734581,35.09310442,,8
2104,영도구,129.0723296,35.07280996,,8
2105,영도구,129.0758059,35.07439516,,8
2106,연제구,129.0768872,35.18027431,,8
2107,연제구,129.0774732,35.17954447,,8
2108,부산진구,129.0203314,35.15196216,,8
2109,남구,129.0979001,35.11623576,,8
2110,연제구,129.0781011,35.17928852,,8
2111,연제구,129.0651021,35.19383427,,8
2112,연제구,129.083056,35.17355478,,8
2113,연제구,129.0837075,35.17377978,,8
2114,연제구,129.0835245,35.17300775,,8
2115,연제구,129.0836468,35.1720892,,8
2116,연제구,129.0853278,35.17311666,,8
2117,연제구,129.0776969,35.17868497,,8
2118,해운대구,129.1652575,35.16217248,,8
2119,강서구,128.8725851,35.14462457,,8
2120,동구,129.0431132,35.12386377,,8
2121,해운대구,129.1703221,35.16129384,,8
2122,동구,129.0395743,35.12302052,,8
2123,동구,129.0403783,35.12275876,,8
2124,동구,129.0412614,35.1237683,,8
2125,사하구,128.9625478,35.09434685,,8
2126,동구,129.0402172,35.1241155,,8
2127,동구,129.0419725,35.12417172,,8
2128,사하구,128.9621872,35.09493805,,8
2129,강서구,128.9029287,35.09110883,,8
2130,동래구,129.0692127,35.19702086,,8
2131,북구,129.0351635,35.21671995,,8
2132,북구,129.0366589,35.21587615,,8
2133,북구,129.0379745,35.21504252,,8
2134,북구,129.032899,35.21527935,,8
2135,북구,129.0335951,35.21613086,,8
2136,동래구,129.0693816,35.196501,,8
2137,북구,129.0368757,35.21434008,,8
2138,동래구,129.0679503,35.19678076,,8
2139,동래구,129.069479,35.1959431,,8
2140,동래구,129.0666442,35.19649033,,8
2141,연제구,129.0797271,35.18108166,,8
2142,동래구,129.066734,35.20245205,,8
2143,부산진구,129.07,35.1548,,8
2144,북구,129.0167,35.2398,,8
2145,북구,129.018,35.2389,,8
2146,동래구,129.0814,35.2176,,8
2147,동래구,129.0798,35.2168,,8
2148,강서구,128.8994,35.0895,,8
2149,수영구,129.1266,35.1542,,8
