bcyclLendNm,bcyclLendSe,rdnmadr,lnmadr,latitude,longitude,operOpenHm,operCloseHm,rstde,chrgeSe,bcyclUseCharge,bcyclHoldCharge,holderCo,airInjectorYn,airInjectorType,repairStandYn,phoneNumber,institutionNm,referenceDate,insttCode,insttNm
해운대구자전거종합서비스센터,유인대여소,,부산광역시 해운대구 재송동 704-5,35.175333,129.121651,10:00,17:30,월+화,무료,,75,27,Y,태양광식,Y,051-749-4514,부산광역시 해운대구,2026-02-19,3330000,부산광역시 해운대구
온천천시민공원 자전거대여소,유인대여소,부산광역시 연제구 온천천공원길 74,,35.19288252,129.089627,09:00,17:00,1월 1일+설 당일+추석 당일,무료,없음,45,,Y,수동식,N,051-665-4982,부산광역시 연제구청,2025-11-08,3370000,부산광역시 연제구
남천동 공영자전거 무료대여소,유인대여소,,부산광역시 수영구 남천동 148-6,35.14598922,129.1166699,10:00,19:00,"명절, 선거일",무료,,49,1,Y,태양광식,N,051-610-4556,부산광역시 수영구,2025-12-18,3380000,부산광역시 수영구
온천장역북측주차장내,유인대여소,부산광역시 금정구 오시게로54번길 1,부산광역시 금정구 부곡동 389-3,35.2221896,129.088057,09:00,18:00,국공휴일 휴무(11월 중순~2월중순 주말 미운영),무료,,43,72,Y,수동식,N,051-519-4553,부산광역시 금정구청,2025-11-16,3350000,부산광역시 금정구
동래구 자전거무료대여소,유인대여소,,부산광역시 동래구 온천동 527,35.2022357,129.0783527,10:00,16:00,공휴일,무료,,83,47,Y,수동식,Y,051-550-4531,부산광역시 동래구,2025-06-27,3300000,부산광역시 동래구
삼락생태공원(삼락 4번 주차장 옆 인라인스케이트장 내),유인대여소,,부산광역시 사상구 삼락동 29-28,35.17176879,128.9738343,09:00,18:00,월+화 휴무(7월~8월+12월~2월) + 연중영업(3월~6월+9월~11월),유료,1인용 : 1시간 3천원 + 2인용자전거 : 1시간 6천원 + 티-에스보드 : 1시간 5천원 + 뱅키 : 1시간 7천원 + 4륜용 : 1시간 1만5천원,338,,Y,수동식,N,070-4217-1866,부산광역시 낙동강관리본부,2024-08-20,6260000,부산광역시
화명생태공원(화명운동장 내),유인대여소,,부산광역시 북구 화명동 1718-10,35.23997654,129.0060603,09:00,18:00,월+화 휴무(7월~8월+12월~2월) + 연중영업(3월~6월+9월~11월),유료,1인용 : 1시간 3천원 + 2인용자전거 : 1시간 6천원 + 티-에스보드 : 1시간 5천원 + 뱅키 : 1시간 7천원 + 4륜용 : 1시간 1만5천원,113,,Y,수동식,N,070-4219-1716,부산광역시 낙동강관리본부,2024-08-20,6260000,부산광역시
맥도생태공원(구포대교 밑 대저생태공원 관리사무소 앞),유인대여소,,부산광역시 강서구 대저2동 1200-22,35.15327534,128.954976,09:00,18:00,월+화 휴무(7월~8월+12월~2월) + 연중영업(3월~6월+9월~11월),유료,1인용 : 1시간 3천원 + 2인용자전거 : 1시간 6천원 + 티-에스보드 : 1시간 5천원 + 뱅키 : 1시간 7천원 + 4륜용 : 1시간 1만5천원,179,,Y,수동식,N,070-4218-1662,부산광역시 낙동강관리본부,2024-08-20,6260000,부산광역시
대저생태공원(맥도생태공원 관리사무소 옆),유인대여소,,부산광역시 강서구 대저1동 2314-11,35.20984892,128.9845561,09:00,18:00,월+화+수 휴무(7월~8월+12월~2월) + 연중영업(3월~6월+9월~11월),유료,1인용 : 1시간 3천원 + 2인용자전거 : 1시간 6천원 + 티-에스보드 : 1시간 5천원 + 뱅키 : 1시간 7천원 + 4륜용 : 1시간 1만5천원,139,,Y,수동식,N,070-4219-1477,부산광역시 낙동강관리본부,2024-08-20,6260000,부산광역시
